Epi_Seq,HLA_Name_full,species,Host,Assay_Positive,Target,HLA_Name
DEYVEQVAQYKALPV,HLA-DRB3*02:02,Felis catus,Homo sapiens (human),1.0,1,HLA-DRB3*02:02
DEYVEQVAQYKALPV,HLA-DQA1*03:01/DQB1*03:02,Felis catus,Homo sapiens (human),1.0,1,HLA-DQB1*03:02
DEYVEQVAQYKALPV,HLA-DQA1*01:02/DQB1*06:02,Felis catus,Homo sapiens (human),1.0,1,HLA-DQB1*06:02
DEYVEQVAQYKALPV,HLA-DRB1*03:01,Felis catus,Homo sapiens (human),1.0,1,HLA-DRB1*03:01
AETCPIFYDVFFAVA,HLA-DQB1*04:02,Felis catus,Homo sapiens (human),1.0,1,HLA-DQB1*04:02
NGNELLLDLSLTKVN,HLA-DPA1*02:01/DPB1*01:01,Felis catus,Homo sapiens (human),1.0,1,HLA-DPB1*01:01
NALSVLDKIYTSPLC,HLA-DPA1*02:01/DPB1*01:01,Felis catus,Homo sapiens (human),1.0,1,HLA-DPB1*01:01
QVAQYKALPVVLENA,HLA-DQA1*01:02/DQB1*06:02,Felis catus,Homo sapiens (human),1.0,1,HLA-DQB1*06:02
AETCPIFYDVFFAVA,HLA-DQA1*05:01/DQB1*02:01,Felis catus,Homo sapiens (human),1.0,1,HLA-DQB1*02:01
QVAQYKALPVVLENA,HLA-DRB1*12:01,Felis catus,Homo sapiens (human),1.0,1,HLA-DRB1*12:01
DEYVEQVAQYKALPV,HLA-DRB3*01:01,Felis catus,Homo sapiens (human),1.0,1,HLA-DRB3*01:01
AETCPIFYDVFFAVA,HLA-DQA1*01:02/DQB1*06:02,Felis catus,Homo sapiens (human),1.0,1,HLA-DQB1*06:02
AETCPIFYDVFFAVA,HLA-DPB1*05:01,Felis catus,Homo sapiens (human),1.0,1,HLA-DPB1*05:01
NGNELLLDLSLTKVN,HLA-DQA1*01:02/DQB1*05:02,Felis catus,Homo sapiens (human),1.0,1,HLA-DQB1*05:02
DEYVEQVAQYKALPV,HLA-DQA1*05:01/DQB1*03:01,Felis catus,Homo sapiens (human),1.0,1,HLA-DQB1*03:01
IFYDVFFAVANGNEL,HLA-DPB1*20:01,Felis catus,Homo sapiens (human),1.0,1,HLA-DPB1*20:01
AETCPIFYDVFFAVA,HLA-DRB1*09:01,Felis catus,Homo sapiens (human),1.0,1,HLA-DRB1*09:01
AETCPIFYDVFFAVA,HLA-DQA1*01:04/DQB1*05:03,Felis catus,Homo sapiens (human),1.0,1,HLA-DQB1*05:03
NGNELLLDLSLTKVN,HLA-DQB1*02:01,Felis catus,Homo sapiens (human),1.0,1,HLA-DQB1*02:01
QVAQYKALPVVLENA,HLA-DRB1*04:05,Felis catus,Homo sapiens (human),1.0,1,HLA-DRB1*04:05
QVAQYKALPVVLENA,HLA-DQA1*05:01/DQB1*03:01,Felis catus,Homo sapiens (human),1.0,1,HLA-DQB1*03:01
DEYVEQVAQYKALPV,HLA-DQA1*05:01/DQB1*02:01,Felis catus,Homo sapiens (human),1.0,1,HLA-DQB1*02:01
DEYVEQVAQYKALPV,HLA-DRB1*04:05,Felis catus,Homo sapiens (human),1.0,1,HLA-DRB1*04:05
IFYDVFFAVANGNEL,HLA-DQB1*02:02,Felis catus,Homo sapiens (human),0.0,0,HLA-DQB1*02:02
NGNELLLDLSLTKVN,HLA-DQA1*02:01/DQB1*02:02,Felis catus,Homo sapiens (human),1.0,1,HLA-DQB1*02:02
IFYDVFFAVANGNEL,HLA-DQA1*01:01/DQB1*05:01,Felis catus,Homo sapiens (human),1.0,1,HLA-DQB1*05:01
NGNELLLDLSLTKVN,HLA-DPB1*20:01,Felis catus,Homo sapiens (human),0.0,0,HLA-DPB1*20:01
DEYVEQVAQYKALPV,HLA-DRB1*15:01,Felis catus,Homo sapiens (human),1.0,1,HLA-DRB1*15:01
AETCPIFYDVFFAVA,HLA-DQA1*03:01/DQB1*03:02,Felis catus,Homo sapiens (human),1.0,1,HLA-DQB1*03:02
NGNELLLDLSLTKVN,HLA-DRB1*12:01,Felis catus,Homo sapiens (human),1.0,1,HLA-DRB1*12:01
DEYVEQVAQYKALPV,HLA-DRB1*10:01,Felis catus,Homo sapiens (human),1.0,1,HLA-DRB1*10:01
NGNELLLDLSLTKVN,HLA-DRB1*03:01,Felis catus,Homo sapiens (human),1.0,1,HLA-DRB1*03:01
QVAQYKALPVVLENA,HLA-DPA1*03:01/DPB1*04:02,Felis catus,Homo sapiens (human),0.0,0,HLA-DPB1*04:02
IFYDVFFAVANGNEL,HLA-DQA1*01:04/DQB1*05:03,Felis catus,Homo sapiens (human),1.0,1,HLA-DQB1*05:03
QVAQYKALPVVLENA,HLA-DRB3*02:02,Felis catus,Homo sapiens (human),1.0,1,HLA-DRB3*02:02
NALSVLDKIYTSPLC,HLA-DRB1*15:01,Felis catus,Homo sapiens (human),1.0,1,HLA-DRB1*15:01
DEYVEQVAQYKALPV,HLA-DPB1*03:01,Felis catus,Homo sapiens (human),1.0,1,HLA-DPB1*03:01
IFYDVFFAVANGNEL,HLA-DQB1*05:03,Felis catus,Homo sapiens (human),1.0,1,HLA-DQB1*05:03
NGNELLLDLSLTKVN,HLA-DRB1*08:02,Felis catus,Homo sapiens (human),1.0,1,HLA-DRB1*08:02
AETCPIFYDVFFAVA,HLA-DRB1*10:01,Felis catus,Homo sapiens (human),1.0,1,HLA-DRB1*10:01
NALSVLDKIYTSPLC,HLA-DRB1*03:01,Felis catus,Homo sapiens (human),1.0,1,HLA-DRB1*03:01
IFYDVFFAVANGNEL,HLA-DQB1*03:01,Felis catus,Homo sapiens (human),1.0,1,HLA-DQB1*03:01
DEYVEQVAQYKALPV,HLA-DPB1*04:02,Felis catus,Homo sapiens (human),0.0,0,HLA-DPB1*04:02
IFYDVFFAVANGNEL,HLA-DQA1*03:01/DQB1*03:02,Felis catus,Homo sapiens (human),1.0,1,HLA-DQB1*03:02
QVAQYKALPVVLENA,HLA-DRB1*08:02,Felis catus,Homo sapiens (human),1.0,1,HLA-DRB1*08:02
QVAQYKALPVVLENA,HLA-DRB1*04:01,Felis catus,Homo sapiens (human),1.0,1,HLA-DRB1*04:01
NGNELLLDLSLTKVN,HLA-DRB4*01:01,Felis catus,Homo sapiens (human),1.0,1,HLA-DRB4*01:01
AETCPIFYDVFFAVA,HLA-DRB1*03:01,Felis catus,Homo sapiens (human),1.0,1,HLA-DRB1*03:01
QVAQYKALPVVLENA,HLA-DQB1*05:01,Felis catus,Homo sapiens (human),1.0,1,HLA-DQB1*05:01
DEYVEQVAQYKALPV,HLA-DRB1*01:01,Felis catus,Homo sapiens (human),1.0,1,HLA-DRB1*01:01
NGNELLLDLSLTKVN,HLA-DPB1*14:01,Felis catus,Homo sapiens (human),1.0,1,HLA-DPB1*14:01
NALSVLDKIYTSPLC,HLA-DRB1*04:04,Felis catus,Homo sapiens (human),1.0,1,HLA-DRB1*04:04
NGNELLLDLSLTKVN,HLA-DRB1*04:04,Felis catus,Homo sapiens (human),1.0,1,HLA-DRB1*04:04
QVAQYKALPVVLENA,HLA-DQB1*02:01,Felis catus,Homo sapiens (human),1.0,1,HLA-DQB1*02:01
IFYDVFFAVANGNEL,HLA-DPA1*01:03/DPB1*03:01,Felis catus,Homo sapiens (human),1.0,1,HLA-DPB1*03:01
QVAQYKALPVVLENA,HLA-DQB1*04:02,Felis catus,Homo sapiens (human),1.0,1,HLA-DQB1*04:02
IFYDVFFAVANGNEL,HLA-DQB1*06:02,Felis catus,Homo sapiens (human),1.0,1,HLA-DQB1*06:02
NGNELLLDLSLTKVN,HLA-DPA1*01:03/DPB1*03:01,Felis catus,Homo sapiens (human),1.0,1,HLA-DPB1*03:01
IFYDVFFAVANGNEL,HLA-DRB1*01:01,Felis catus,Homo sapiens (human),1.0,1,HLA-DRB1*01:01
NALSVLDKIYTSPLC,HLA-DRB1*04:01,Felis catus,Homo sapiens (human),1.0,1,HLA-DRB1*04:01
DEYVEQVAQYKALPV,HLA-DQB1*02:01,Felis catus,Homo sapiens (human),1.0,1,HLA-DQB1*02:01
QVAQYKALPVVLENA,HLA-DRB1*03:01,Felis catus,Homo sapiens (human),0.0,0,HLA-DRB1*03:01
AETCPIFYDVFFAVA,HLA-DPA1*02:01/DPB1*01:01,Felis catus,Homo sapiens (human),1.0,1,HLA-DPB1*01:01
IFYDVFFAVANGNEL,HLA-DPB1*04:01,Felis catus,Homo sapiens (human),1.0,1,HLA-DPB1*04:01
DEYVEQVAQYKALPV,HLA-DQB1*05:03,Felis catus,Homo sapiens (human),1.0,1,HLA-DQB1*05:03
IFYDVFFAVANGNEL,HLA-DQA1*05:01/DQB1*02:01,Felis catus,Homo sapiens (human),1.0,1,HLA-DQB1*02:01
NALSVLDKIYTSPLC,HLA-DQA1*05:01/DQB1*03:01,Felis catus,Homo sapiens (human),1.0,1,HLA-DQB1*03:01
IFYDVFFAVANGNEL,HLA-DRB1*16:02,Felis catus,Homo sapiens (human),1.0,1,HLA-DRB1*16:02
NALSVLDKIYTSPLC,HLA-DQA1*01:02/DQB1*06:02,Felis catus,Homo sapiens (human),1.0,1,HLA-DQB1*06:02
IFYDVFFAVANGNEL,HLA-DQB1*03:02,Felis catus,Homo sapiens (human),1.0,1,HLA-DQB1*03:02
NGNELLLDLSLTKVN,HLA-DQB1*06:02,Felis catus,Homo sapiens (human),0.0,0,HLA-DQB1*06:02
QVAQYKALPVVLENA,HLA-DPA1*02:01/DPB1*01:01,Felis catus,Homo sapiens (human),1.0,1,HLA-DPB1*01:01
IFYDVFFAVANGNEL,HLA-DRB1*03:01,Felis catus,Homo sapiens (human),1.0,1,HLA-DRB1*03:01
DEYVEQVAQYKALPV,HLA-DQB1*05:01,Felis catus,Homo sapiens (human),1.0,1,HLA-DQB1*05:01
AETCPIFYDVFFAVA,HLA-DQB1*06:02,Felis catus,Homo sapiens (human),1.0,1,HLA-DQB1*06:02
QVAQYKALPVVLENA,HLA-DQA1*05:01/DQB1*02:01,Felis catus,Homo sapiens (human),1.0,1,HLA-DQB1*02:01
NGNELLLDLSLTKVN,HLA-DQB1*05:01,Felis catus,Homo sapiens (human),1.0,1,HLA-DQB1*05:01
IFYDVFFAVANGNEL,HLA-DPB1*14:01,Felis catus,Homo sapiens (human),1.0,1,HLA-DPB1*14:01
IFYDVFFAVANGNEL,HLA-DRB1*13:02,Felis catus,Homo sapiens (human),1.0,1,HLA-DRB1*13:02
NALSVLDKIYTSPLC,HLA-DPA1*03:01/DPB1*04:02,Felis catus,Homo sapiens (human),1.0,1,HLA-DPB1*04:02
NGNELLLDLSLTKVN,HLA-DRB1*07:01,Felis catus,Homo sapiens (human),1.0,1,HLA-DRB1*07:01
NALSVLDKIYTSPLC,HLA-DQB1*05:01,Felis catus,Homo sapiens (human),1.0,1,HLA-DQB1*05:01
NGNELLLDLSLTKVN,HLA-DPA1*03:01/DPB1*04:02,Felis catus,Homo sapiens (human),1.0,1,HLA-DPB1*04:02
DEYVEQVAQYKALPV,HLA-DQA1*02:01/DQB1*02:02,Felis catus,Homo sapiens (human),1.0,1,HLA-DQB1*02:02
NALSVLDKIYTSPLC,HLA-DRB1*04:05,Felis catus,Homo sapiens (human),1.0,1,HLA-DRB1*04:05
DEYVEQVAQYKALPV,HLA-DRB1*09:01,Felis catus,Homo sapiens (human),1.0,1,HLA-DRB1*09:01
NGNELLLDLSLTKVN,HLA-DPA1*01:03/DPB1*04:01,Felis catus,Homo sapiens (human),1.0,1,HLA-DPB1*04:01
AETCPIFYDVFFAVA,HLA-DPB1*20:01,Felis catus,Homo sapiens (human),1.0,1,HLA-DPB1*20:01
AETCPIFYDVFFAVA,HLA-DRB1*07:01,Felis catus,Homo sapiens (human),1.0,1,HLA-DRB1*07:01
AETCPIFYDVFFAVA,HLA-DQB1*05:03,Felis catus,Homo sapiens (human),1.0,1,HLA-DQB1*05:03
IFYDVFFAVANGNEL,HLA-DRB4*01:01,Felis catus,Homo sapiens (human),0.0,0,HLA-DRB4*01:01
NGNELLLDLSLTKVN,HLA-DRB1*09:01,Felis catus,Homo sapiens (human),1.0,1,HLA-DRB1*09:01
NALSVLDKIYTSPLC,HLA-DPB1*04:01,Felis catus,Homo sapiens (human),1.0,1,HLA-DPB1*04:01
DEYVEQVAQYKALPV,HLA-DPA1*02:01/DPB1*05:01,Felis catus,Homo sapiens (human),0.0,0,HLA-DPB1*05:01
DEYVEQVAQYKALPV,HLA-DRB5*01:01,Felis catus,Homo sapiens (human),1.0,1,HLA-DRB5*01:01
QVAQYKALPVVLENA,HLA-DRB1*16:02,Felis catus,Homo sapiens (human),1.0,1,HLA-DRB1*16:02
NGNELLLDLSLTKVN,HLA-DPB1*04:01,Felis catus,Homo sapiens (human),1.0,1,HLA-DPB1*04:01
AETCPIFYDVFFAVA,HLA-DRB1*13:02,Felis catus,Homo sapiens (human),1.0,1,HLA-DRB1*13:02
QVAQYKALPVVLENA,HLA-DPB1*02:01,Felis catus,Homo sapiens (human),1.0,1,HLA-DPB1*02:01
NGNELLLDLSLTKVN,HLA-DPB1*01:01,Felis catus,Homo sapiens (human),1.0,1,HLA-DPB1*01:01
IFYDVFFAVANGNEL,HLA-DRB1*12:01,Felis catus,Homo sapiens (human),1.0,1,HLA-DRB1*12:01
AETCPIFYDVFFAVA,HLA-DQB1*05:01,Felis catus,Homo sapiens (human),1.0,1,HLA-DQB1*05:01
QVAQYKALPVVLENA,HLA-DRB1*13:02,Felis catus,Homo sapiens (human),1.0,1,HLA-DRB1*13:02
IFYDVFFAVANGNEL,HLA-DRB3*02:02,Felis catus,Homo sapiens (human),1.0,1,HLA-DRB3*02:02
NALSVLDKIYTSPLC,HLA-DRB1*08:02,Felis catus,Homo sapiens (human),1.0,1,HLA-DRB1*08:02
AETCPIFYDVFFAVA,HLA-DPA1*01:03/DPB1*03:01,Felis catus,Homo sapiens (human),1.0,1,HLA-DPB1*03:01
QVAQYKALPVVLENA,HLA-DQA1*03:01/DQB1*03:02,Felis catus,Homo sapiens (human),1.0,1,HLA-DQB1*03:02
IFYDVFFAVANGNEL,HLA-DPA1*03:01/DPB1*04:02,Felis catus,Homo sapiens (human),1.0,1,HLA-DPB1*04:02
QVAQYKALPVVLENA,HLA-DQB1*05:03,Felis catus,Homo sapiens (human),1.0,1,HLA-DQB1*05:03
NGNELLLDLSLTKVN,HLA-DRB1*10:01,Felis catus,Homo sapiens (human),1.0,1,HLA-DRB1*10:01
IFYDVFFAVANGNEL,HLA-DPA1*02:01/DPB1*01:01,Felis catus,Homo sapiens (human),1.0,1,HLA-DPB1*01:01
AETCPIFYDVFFAVA,HLA-DRB1*08:02,Felis catus,Homo sapiens (human),1.0,1,HLA-DRB1*08:02
DEYVEQVAQYKALPV,HLA-DQA1*01:01/DQB1*05:01,Felis catus,Homo sapiens (human),1.0,1,HLA-DQB1*05:01
NALSVLDKIYTSPLC,HLA-DPB1*02:01,Felis catus,Homo sapiens (human),1.0,1,HLA-DPB1*02:01
NGNELLLDLSLTKVN,HLA-DQA1*05:01/DQB1*03:01,Felis catus,Homo sapiens (human),1.0,1,HLA-DQB1*03:01
NALSVLDKIYTSPLC,HLA-DRB1*10:01,Felis catus,Homo sapiens (human),1.0,1,HLA-DRB1*10:01
NGNELLLDLSLTKVN,HLA-DQB1*05:02,Felis catus,Homo sapiens (human),1.0,1,HLA-DQB1*05:02
AETCPIFYDVFFAVA,HLA-DPB1*14:01,Felis catus,Homo sapiens (human),1.0,1,HLA-DPB1*14:01
QVAQYKALPVVLENA,HLA-DRB3*01:01,Felis catus,Homo sapiens (human),1.0,1,HLA-DRB3*01:01
QVAQYKALPVVLENA,HLA-DRB1*04:04,Felis catus,Homo sapiens (human),1.0,1,HLA-DRB1*04:04
AETCPIFYDVFFAVA,HLA-DQB1*05:02,Felis catus,Homo sapiens (human),1.0,1,HLA-DQB1*05:02
NGNELLLDLSLTKVN,HLA-DQA1*03:01/DQB1*03:02,Felis catus,Homo sapiens (human),1.0,1,HLA-DQB1*03:02
AETCPIFYDVFFAVA,HLA-DPA1*03:01/DPB1*04:02,Felis catus,Homo sapiens (human),1.0,1,HLA-DPB1*04:02
IFYDVFFAVANGNEL,HLA-DQB1*05:01,Felis catus,Homo sapiens (human),1.0,1,HLA-DQB1*05:01
AETCPIFYDVFFAVA,HLA-DRB1*04:01,Felis catus,Homo sapiens (human),1.0,1,HLA-DRB1*04:01
NALSVLDKIYTSPLC,HLA-DRB1*12:01,Felis catus,Homo sapiens (human),1.0,1,HLA-DRB1*12:01
NALSVLDKIYTSPLC,HLA-DQA1*03:01/DQB1*03:02,Felis catus,Homo sapiens (human),1.0,1,HLA-DQB1*03:02
NGNELLLDLSLTKVN,HLA-DQA1*01:04/DQB1*05:03,Felis catus,Homo sapiens (human),1.0,1,HLA-DQB1*05:03
NGNELLLDLSLTKVN,HLA-DRB1*13:02,Felis catus,Homo sapiens (human),1.0,1,HLA-DRB1*13:02
IFYDVFFAVANGNEL,HLA-DRB1*15:01,Felis catus,Homo sapiens (human),1.0,1,HLA-DRB1*15:01
DEYVEQVAQYKALPV,HLA-DQA1*01:02/DQB1*05:02,Felis catus,Homo sapiens (human),1.0,1,HLA-DQB1*05:02
IFYDVFFAVANGNEL,HLA-DRB1*11:01,Felis catus,Homo sapiens (human),1.0,1,HLA-DRB1*11:01
IFYDVFFAVANGNEL,HLA-DRB1*04:01,Felis catus,Homo sapiens (human),1.0,1,HLA-DRB1*04:01
QVAQYKALPVVLENA,HLA-DRB1*10:01,Felis catus,Homo sapiens (human),1.0,1,HLA-DRB1*10:01
QVAQYKALPVVLENA,HLA-DPB1*03:01,Felis catus,Homo sapiens (human),1.0,1,HLA-DPB1*03:01
DEYVEQVAQYKALPV,HLA-DQB1*02:02,Felis catus,Homo sapiens (human),1.0,1,HLA-DQB1*02:02
QVAQYKALPVVLENA,HLA-DPB1*14:01,Felis catus,Homo sapiens (human),1.0,1,HLA-DPB1*14:01
DEYVEQVAQYKALPV,HLA-DQA1*01:04/DQB1*05:03,Felis catus,Homo sapiens (human),1.0,1,HLA-DQB1*05:03
AETCPIFYDVFFAVA,HLA-DRB3*01:01,Felis catus,Homo sapiens (human),1.0,1,HLA-DRB3*01:01
NGNELLLDLSLTKVN,HLA-DQA1*05:01/DQB1*02:01,Felis catus,Homo sapiens (human),1.0,1,HLA-DQB1*02:01
NALSVLDKIYTSPLC,HLA-DPB1*20:01,Felis catus,Homo sapiens (human),1.0,1,HLA-DPB1*20:01
AETCPIFYDVFFAVA,HLA-DRB1*12:01,Felis catus,Homo sapiens (human),1.0,1,HLA-DRB1*12:01
IFYDVFFAVANGNEL,HLA-DQB1*05:02,Felis catus,Homo sapiens (human),1.0,1,HLA-DQB1*05:02
QVAQYKALPVVLENA,HLA-DPA1*01:03/DPB1*03:01,Felis catus,Homo sapiens (human),1.0,1,HLA-DPB1*03:01
NALSVLDKIYTSPLC,HLA-DPB1*04:02,Felis catus,Homo sapiens (human),1.0,1,HLA-DPB1*04:02
AETCPIFYDVFFAVA,HLA-DQB1*03:01,Felis catus,Homo sapiens (human),1.0,1,HLA-DQB1*03:01
QVAQYKALPVVLENA,HLA-DPB1*01:01,Felis catus,Homo sapiens (human),1.0,1,HLA-DPB1*01:01
QVAQYKALPVVLENA,HLA-DPB1*04:01,Felis catus,Homo sapiens (human),0.0,0,HLA-DPB1*04:01
DEYVEQVAQYKALPV,HLA-DRB1*04:04,Felis catus,Homo sapiens (human),1.0,1,HLA-DRB1*04:04
AETCPIFYDVFFAVA,HLA-DRB1*11:01,Felis catus,Homo sapiens (human),1.0,1,HLA-DRB1*11:01
NGNELLLDLSLTKVN,HLA-DQB1*03:01,Felis catus,Homo sapiens (human),1.0,1,HLA-DQB1*03:01
NGNELLLDLSLTKVN,HLA-DRB1*15:01,Felis catus,Homo sapiens (human),1.0,1,HLA-DRB1*15:01
NGNELLLDLSLTKVN,HLA-DPB1*03:01,Felis catus,Homo sapiens (human),1.0,1,HLA-DPB1*03:01
AETCPIFYDVFFAVA,HLA-DQA1*01:02/DQB1*05:02,Felis catus,Homo sapiens (human),1.0,1,HLA-DQB1*05:02
AETCPIFYDVFFAVA,HLA-DRB5*01:01,Felis catus,Homo sapiens (human),0.0,0,HLA-DRB5*01:01
DEYVEQVAQYKALPV,HLA-DRB4*01:01,Felis catus,Homo sapiens (human),1.0,1,HLA-DRB4*01:01
QVAQYKALPVVLENA,HLA-DPB1*04:02,Felis catus,Homo sapiens (human),0.0,0,HLA-DPB1*04:02
QVAQYKALPVVLENA,HLA-DQB1*03:01,Felis catus,Homo sapiens (human),1.0,1,HLA-DQB1*03:01
NGNELLLDLSLTKVN,HLA-DPB1*04:02,Felis catus,Homo sapiens (human),1.0,1,HLA-DPB1*04:02
NALSVLDKIYTSPLC,HLA-DQA1*02:01/DQB1*02:02,Felis catus,Homo sapiens (human),1.0,1,HLA-DQB1*02:02
AETCPIFYDVFFAVA,HLA-DRB1*16:02,Felis catus,Homo sapiens (human),1.0,1,HLA-DRB1*16:02
NGNELLLDLSLTKVN,HLA-DQB1*04:02,Felis catus,Homo sapiens (human),1.0,1,HLA-DQB1*04:02
NALSVLDKIYTSPLC,HLA-DPA1*01:03/DPB1*04:01,Felis catus,Homo sapiens (human),1.0,1,HLA-DPB1*04:01
NALSVLDKIYTSPLC,HLA-DRB4*01:01,Felis catus,Homo sapiens (human),1.0,1,HLA-DRB4*01:01
NGNELLLDLSLTKVN,HLA-DQB1*05:03,Felis catus,Homo sapiens (human),1.0,1,HLA-DQB1*05:03
NGNELLLDLSLTKVN,HLA-DRB1*04:05,Felis catus,Homo sapiens (human),1.0,1,HLA-DRB1*04:05
AETCPIFYDVFFAVA,HLA-DPA1*02:01/DPB1*05:01,Felis catus,Homo sapiens (human),1.0,1,HLA-DPB1*05:01
IFYDVFFAVANGNEL,HLA-DPB1*04:02,Felis catus,Homo sapiens (human),1.0,1,HLA-DPB1*04:02
DEYVEQVAQYKALPV,HLA-DPB1*01:01,Felis catus,Homo sapiens (human),1.0,1,HLA-DPB1*01:01
IFYDVFFAVANGNEL,HLA-DRB1*09:01,Felis catus,Homo sapiens (human),1.0,1,HLA-DRB1*09:01
AETCPIFYDVFFAVA,HLA-DPA1*01:03/DPB1*04:01,Felis catus,Homo sapiens (human),1.0,1,HLA-DPB1*04:01
QVAQYKALPVVLENA,HLA-DQB1*06:02,Felis catus,Homo sapiens (human),1.0,1,HLA-DQB1*06:02
IFYDVFFAVANGNEL,HLA-DPB1*03:01,Felis catus,Homo sapiens (human),1.0,1,HLA-DPB1*03:01
DEYVEQVAQYKALPV,HLA-DPA1*01:03/DPB1*04:01,Felis catus,Homo sapiens (human),1.0,1,HLA-DPB1*04:01
NALSVLDKIYTSPLC,HLA-DQA1*05:01/DQB1*02:01,Felis catus,Homo sapiens (human),1.0,1,HLA-DQB1*02:01
DEYVEQVAQYKALPV,HLA-DRB1*04:01,Felis catus,Homo sapiens (human),1.0,1,HLA-DRB1*04:01
NGNELLLDLSLTKVN,HLA-DQA1*01:01/DQB1*05:01,Felis catus,Homo sapiens (human),1.0,1,HLA-DQB1*05:01
AETCPIFYDVFFAVA,HLA-DRB1*04:05,Felis catus,Homo sapiens (human),1.0,1,HLA-DRB1*04:05
QVAQYKALPVVLENA,HLA-DQB1*02:02,Felis catus,Homo sapiens (human),0.0,0,HLA-DQB1*02:02
AETCPIFYDVFFAVA,HLA-DPB1*03:01,Felis catus,Homo sapiens (human),1.0,1,HLA-DPB1*03:01
NALSVLDKIYTSPLC,HLA-DQB1*05:02,Felis catus,Homo sapiens (human),1.0,1,HLA-DQB1*05:02
NGNELLLDLSLTKVN,HLA-DPB1*02:01,Felis catus,Homo sapiens (human),1.0,1,HLA-DPB1*02:01
QVAQYKALPVVLENA,HLA-DQB1*03:02,Felis catus,Homo sapiens (human),1.0,1,HLA-DQB1*03:02
IFYDVFFAVANGNEL,HLA-DQA1*01:02/DQB1*05:02,Felis catus,Homo sapiens (human),1.0,1,HLA-DQB1*05:02
DEYVEQVAQYKALPV,HLA-DRB1*16:02,Felis catus,Homo sapiens (human),1.0,1,HLA-DRB1*16:02
DEYVEQVAQYKALPV,HLA-DRB1*07:01,Felis catus,Homo sapiens (human),1.0,1,HLA-DRB1*07:01
IFYDVFFAVANGNEL,HLA-DRB1*04:04,Felis catus,Homo sapiens (human),1.0,1,HLA-DRB1*04:04
DEYVEQVAQYKALPV,HLA-DPA1*03:01/DPB1*04:02,Felis catus,Homo sapiens (human),0.0,0,HLA-DPB1*04:02
DEYVEQVAQYKALPV,HLA-DRB1*13:02,Felis catus,Homo sapiens (human),1.0,1,HLA-DRB1*13:02
AETCPIFYDVFFAVA,HLA-DPB1*04:01,Felis catus,Homo sapiens (human),1.0,1,HLA-DPB1*04:01
QVAQYKALPVVLENA,HLA-DPA1*01:03/DPB1*04:01,Felis catus,Homo sapiens (human),0.0,0,HLA-DPB1*04:01
AETCPIFYDVFFAVA,HLA-DQA1*01:01/DQB1*05:01,Felis catus,Homo sapiens (human),1.0,1,HLA-DQB1*05:01
DEYVEQVAQYKALPV,HLA-DPB1*14:01,Felis catus,Homo sapiens (human),1.0,1,HLA-DPB1*14:01
DEYVEQVAQYKALPV,HLA-DRB1*12:01,Felis catus,Homo sapiens (human),1.0,1,HLA-DRB1*12:01
IFYDVFFAVANGNEL,HLA-DRB1*07:01,Felis catus,Homo sapiens (human),1.0,1,HLA-DRB1*07:01
AETCPIFYDVFFAVA,HLA-DQA1*02:01/DQB1*02:02,Felis catus,Homo sapiens (human),1.0,1,HLA-DQB1*02:02
NALSVLDKIYTSPLC,HLA-DQB1*02:02,Felis catus,Homo sapiens (human),1.0,1,HLA-DQB1*02:02
DEYVEQVAQYKALPV,HLA-DQB1*03:02,Felis catus,Homo sapiens (human),1.0,1,HLA-DQB1*03:02
QVAQYKALPVVLENA,HLA-DRB1*15:01,Felis catus,Homo sapiens (human),1.0,1,HLA-DRB1*15:01
IFYDVFFAVANGNEL,HLA-DRB1*10:01,Felis catus,Homo sapiens (human),1.0,1,HLA-DRB1*10:01
QVAQYKALPVVLENA,HLA-DRB1*07:01,Felis catus,Homo sapiens (human),1.0,1,HLA-DRB1*07:01
QVAQYKALPVVLENA,HLA-DPA1*02:01/DPB1*05:01,Felis catus,Homo sapiens (human),1.0,1,HLA-DPB1*05:01
DEYVEQVAQYKALPV,HLA-DPB1*02:01,Felis catus,Homo sapiens (human),1.0,1,HLA-DPB1*02:01
DEYVEQVAQYKALPV,HLA-DPA1*02:01/DPB1*01:01,Felis catus,Homo sapiens (human),1.0,1,HLA-DPB1*01:01
NALSVLDKIYTSPLC,HLA-DRB1*01:01,Felis catus,Homo sapiens (human),1.0,1,HLA-DRB1*01:01
NALSVLDKIYTSPLC,HLA-DRB3*02:02,Felis catus,Homo sapiens (human),1.0,1,HLA-DRB3*02:02
NALSVLDKIYTSPLC,HLA-DRB1*16:02,Felis catus,Homo sapiens (human),1.0,1,HLA-DRB1*16:02
NALSVLDKIYTSPLC,HLA-DQB1*04:02,Felis catus,Homo sapiens (human),1.0,1,HLA-DQB1*04:02
DEYVEQVAQYKALPV,HLA-DPB1*05:01,Felis catus,Homo sapiens (human),0.0,0,HLA-DPB1*05:01
DEYVEQVAQYKALPV,HLA-DPA1*01:03/DPB1*03:01,Felis catus,Homo sapiens (human),1.0,1,HLA-DPB1*03:01
NGNELLLDLSLTKVN,HLA-DRB1*16:02,Felis catus,Homo sapiens (human),1.0,1,HLA-DRB1*16:02
QVAQYKALPVVLENA,HLA-DPB1*20:01,Felis catus,Homo sapiens (human),1.0,1,HLA-DPB1*20:01
AETCPIFYDVFFAVA,HLA-DQB1*02:01,Felis catus,Homo sapiens (human),1.0,1,HLA-DQB1*02:01
NALSVLDKIYTSPLC,HLA-DQA1*01:04/DQB1*05:03,Felis catus,Homo sapiens (human),1.0,1,HLA-DQB1*05:03
NALSVLDKIYTSPLC,HLA-DRB5*01:01,Felis catus,Homo sapiens (human),1.0,1,HLA-DRB5*01:01
QVAQYKALPVVLENA,HLA-DQA1*02:01/DQB1*02:02,Felis catus,Homo sapiens (human),0.0,0,HLA-DQB1*02:02
NALSVLDKIYTSPLC,HLA-DPB1*01:01,Felis catus,Homo sapiens (human),1.0,1,HLA-DPB1*01:01
IFYDVFFAVANGNEL,HLA-DRB1*04:05,Felis catus,Homo sapiens (human),1.0,1,HLA-DRB1*04:05
NALSVLDKIYTSPLC,HLA-DPB1*03:01,Felis catus,Homo sapiens (human),1.0,1,HLA-DPB1*03:01
IFYDVFFAVANGNEL,HLA-DPA1*02:01/DPB1*05:01,Felis catus,Homo sapiens (human),1.0,1,HLA-DPB1*05:01
DEYVEQVAQYKALPV,HLA-DRB1*11:01,Felis catus,Homo sapiens (human),1.0,1,HLA-DRB1*11:01
NGNELLLDLSLTKVN,HLA-DQB1*02:02,Felis catus,Homo sapiens (human),1.0,1,HLA-DQB1*02:02
IFYDVFFAVANGNEL,HLA-DQB1*04:02,Felis catus,Homo sapiens (human),1.0,1,HLA-DQB1*04:02
QVAQYKALPVVLENA,HLA-DRB5*01:01,Felis catus,Homo sapiens (human),1.0,1,HLA-DRB5*01:01
AETCPIFYDVFFAVA,HLA-DQA1*05:01/DQB1*03:01,Felis catus,Homo sapiens (human),1.0,1,HLA-DQB1*03:01
NALSVLDKIYTSPLC,HLA-DRB3*01:01,Felis catus,Homo sapiens (human),1.0,1,HLA-DRB3*01:01
DEYVEQVAQYKALPV,HLA-DQB1*03:01,Felis catus,Homo sapiens (human),1.0,1,HLA-DQB1*03:01
IFYDVFFAVANGNEL,HLA-DPB1*05:01,Felis catus,Homo sapiens (human),1.0,1,HLA-DPB1*05:01
QVAQYKALPVVLENA,HLA-DRB1*01:01,Felis catus,Homo sapiens (human),1.0,1,HLA-DRB1*01:01
IFYDVFFAVANGNEL,HLA-DPB1*02:01,Felis catus,Homo sapiens (human),1.0,1,HLA-DPB1*02:01
WYFNVWGAGTTVTVS,HLA-DRB1*11:01,Mus musculus,Homo sapiens (human),0.0,0,HLA-DRB1*11:01
SPRKGWALLHPGRLT,HLA-DRB1*01:01,Mus musculus,Mus musculus (mouse),1.0,1,HLA-DRB1*01:01
LVRLKSLQGDKLEVS,HLA-DRB1*01:01,Mus musculus,Mus musculus (mouse),1.0,1,HLA-DRB1*01:01
IQRYQQLESVAVNDI,HLA-DRB1*01:01,Mus musculus,Mus musculus (mouse),1.0,1,HLA-DRB1*01:01
HPFYLALEDGGLAHG,HLA-DRB1*01:01,Mus musculus,Mus musculus (mouse),1.0,1,HLA-DRB1*01:01
VKKQLQALSSELAQA,HLA-DRB1*01:01,Mus musculus,Mus musculus (mouse),1.0,1,HLA-DRB1*01:01
DALNIETAVKTKGVD,HLA-DRB1*01:01,Mus musculus,Mus musculus (mouse),1.0,1,HLA-DRB1*01:01
EDRVISLSGEHSIIG,HLA-DRB1*01:01,Mus musculus,Mus musculus (mouse),1.0,1,HLA-DRB1*01:01
LPTYLTMPHIKVKSS,HLA-DRB1*01:01,Mus musculus,Mus musculus (mouse),1.0,1,HLA-DRB1*01:01
PGRGLEWIGAIYPGN,HLA-DRB1*09:01,Mus musculus,Homo sapiens (human),1.0,1,HLA-DRB1*09:01
INSATHYAESVKGRF,HLA-DRB1*11:01,Mus musculus,Homo sapiens (human),1.0,1,HLA-DRB1*11:01
SSIHWYQQRTNGSPR,HLA-DRB1*11:01,Mus musculus,Homo sapiens (human),1.0,1,HLA-DRB1*11:01
MDQYTFELSRRTQVP,HLA-DRB1*01:01,Mus musculus,Mus musculus (mouse),1.0,1,HLA-DRB1*01:01
HNTWKAMEGIFIKPG,HLA-DRB1*01:01,Mus musculus,Mus musculus (mouse),1.0,1,HLA-DRB1*01:01
DSKALVALGAVDMAL,HLA-DRB1*01:01,Mus musculus,Mus musculus (mouse),1.0,1,HLA-DRB1*01:01
SGQAFELILSPRSKE,HLA-DRB1*01:01,Mus musculus,Mus musculus (mouse),1.0,1,HLA-DRB1*01:01
FSKFIPEGSQRVALV,HLA-DRB1*01:01,Mus musculus,Mus musculus (mouse),1.0,1,HLA-DRB1*01:01
NPKTFFILHDINSDG,HLA-DRB1*01:01,Mus musculus,Mus musculus (mouse),1.0,1,HLA-DRB1*01:01
AQEFKTLFGRDLVDD,HLA-DRB1*01:01,Mus musculus,Mus musculus (mouse),1.0,1,HLA-DRB1*01:01
QNRYYTDLNGYQIQP,HLA-DRB1*01:01,Mus musculus,Mus musculus (mouse),1.0,1,HLA-DRB1*01:01
SGVFVYQPSIETYNQ,HLA-DRB1*01:01,Mus musculus,Mus musculus (mouse),1.0,1,HLA-DRB1*01:01
KPAKFWKLDPGQVYA,HLA-DRB1*01:01,Mus musculus,Mus musculus (mouse),1.0,1,HLA-DRB1*01:01
QSYYRSANGAILAYD,HLA-DRB1*01:01,Mus musculus,Mus musculus (mouse),1.0,1,HLA-DRB1*01:01
KKNEWIQEKAEATRT,HLA-DRB1*01:01,Mus musculus,Mus musculus (mouse),1.0,1,HLA-DRB1*01:01
VDKVIQAQTAYSANP,HLA-DRB1*01:01,Mus musculus,Mus musculus (mouse),1.0,1,HLA-DRB1*01:01
TADKSSSTAYMQLSS,HLA-DRB1*15:01,Mus musculus,Homo sapiens (human),1.0,1,HLA-DRB1*15:01
KLIVAMMKPSRLYDA,HLA-DRB1*01:01,Mus musculus,Mus musculus (mouse),1.0,1,HLA-DRB1*01:01
AQRLAELKSNPTLNE,HLA-DRB1*01:01,Mus musculus,Mus musculus (mouse),1.0,1,HLA-DRB1*01:01
RPGAFKAELSKLVIV,HLA-DRB1*01:01,Mus musculus,Mus musculus (mouse),1.0,1,HLA-DRB1*01:01
SRQFAALVASKVFYH,HLA-DRB1*01:01,Mus musculus,Mus musculus (mouse),1.0,1,HLA-DRB1*01:01
EWVAEIRSKSINSAT,HLA-DRB1*01:01,Mus musculus,Homo sapiens (human),1.0,1,HLA-DRB1*01:01
IPKFLMANGQLVKML,HLA-DRB1*01:01,Mus musculus,Mus musculus (mouse),1.0,1,HLA-DRB1*01:01
LVRTIEYLQPNPASR,HLA-DRB1*01:01,Mus musculus,Mus musculus (mouse),1.0,1,HLA-DRB1*01:01
QEYIYSIHTRLAHPS,HLA-DRB1*01:01,Mus musculus,Mus musculus (mouse),1.0,1,HLA-DRB1*01:01
SNKLVIEEAERSIHD,HLA-DRB1*01:01,Mus musculus,Mus musculus (mouse),1.0,1,HLA-DRB1*01:01
ISKYFSERGDAVAKA,HLA-DRB1*01:01,Mus musculus,Mus musculus (mouse),1.0,1,HLA-DRB1*01:01
GPGTYIPQKEVEVVE,HLA-DRB1*01:01,Mus musculus,Mus musculus (mouse),1.0,1,HLA-DRB1*01:01
IDKKISRLDAELVKY,HLA-DRB1*01:01,Mus musculus,Mus musculus (mouse),1.0,1,HLA-DRB1*01:01
DENFTELRGEIAGPP,HLA-DRB1*01:01,Mus musculus,Mus musculus (mouse),1.0,1,HLA-DRB1*01:01
HPINEYYIADAAEDQ,HLA-DRB1*01:01,Mus musculus,Mus musculus (mouse),1.0,1,HLA-DRB1*01:01
EQLEWLSQRANALLA,HLA-DRB1*01:01,Mus musculus,Mus musculus (mouse),1.0,1,HLA-DRB1*01:01
KWFWDFATRTQKERS,HLA-DRB1*01:01,Mus musculus,Mus musculus (mouse),1.0,1,HLA-DRB1*01:01
KGFIFLASLRQMKKT,HLA-DRB1*01:01,Mus musculus,Mus musculus (mouse),1.0,1,HLA-DRB1*01:01
LDSARFRYLMGERLG,HLA-DRB1*01:01,Mus musculus,Mus musculus (mouse),1.0,1,HLA-DRB1*01:01
EEQILEAAKSIAAAT,HLA-DRB1*01:01,Mus musculus,Mus musculus (mouse),1.0,1,HLA-DRB1*01:01
ASQTFEDLPARFGYR,HLA-DRB1*01:01,Mus musculus,Mus musculus (mouse),1.0,1,HLA-DRB1*01:01
HKLNFAVASRKTFSH,HLA-DRB1*01:01,Mus musculus,Mus musculus (mouse),1.0,1,HLA-DRB1*01:01
DSDKYFIEDGKLVIQ,HLA-DRB1*01:01,Mus musculus,Mus musculus (mouse),1.0,1,HLA-DRB1*01:01
ANSQYFHLAAWAVPA,HLA-DRB1*01:01,Mus musculus,Mus musculus (mouse),1.0,1,HLA-DRB1*01:01
ASQYLKIMGKILDQG,HLA-DRB1*01:01,Mus musculus,Mus musculus (mouse),1.0,1,HLA-DRB1*01:01
SPNIVIALSGNKADL,HLA-DRB1*01:01,Mus musculus,Mus musculus (mouse),1.0,1,HLA-DRB1*01:01
SPPPSYTSSMRAKYL,HLA-DRB1*01:01,Mus musculus,Mus musculus (mouse),1.0,1,HLA-DRB1*01:01
QEKVFELMTNLHTKL,HLA-DRB1*01:01,Mus musculus,Mus musculus (mouse),1.0,1,HLA-DRB1*01:01
QESYKQMQSEFAARL,HLA-DRB1*01:01,Mus musculus,Mus musculus (mouse),1.0,1,HLA-DRB1*01:01
DSKYMVLVPSQLYTE,HLA-DRB1*01:01,Mus musculus,Mus musculus (mouse),1.0,1,HLA-DRB1*01:01
DDDWTHLSSKEVDPS,HLA-DRB1*01:01,Mus musculus,Mus musculus (mouse),1.0,1,HLA-DRB1*01:01
EGYIIPLQGPSLTTT,HLA-DRB1*01:01,Mus musculus,Mus musculus (mouse),1.0,1,HLA-DRB1*01:01
EGSFEDLTGNRVRYT,HLA-DRB1*01:01,Mus musculus,Mus musculus (mouse),1.0,1,HLA-DRB1*01:01
AIADITLLSGFHALR,HLA-DRB1*01:01,Mus musculus,Mus musculus (mouse),1.0,1,HLA-DRB1*01:01
SPELLLEGAETVTPV,HLA-DRB1*01:01,Mus musculus,Mus musculus (mouse),1.0,1,HLA-DRB1*01:01
EVNKYQYLLTGRVYE,HLA-DRB1*01:01,Mus musculus,Mus musculus (mouse),1.0,1,HLA-DRB1*01:01
TPDWQSLDSRPLPSW,HLA-DRB1*01:01,Mus musculus,Mus musculus (mouse),1.0,1,HLA-DRB1*01:01
SSPKPWIYATSNLAS,HLA-DRB1*04:01,Mus musculus,Homo sapiens (human),1.0,1,HLA-DRB1*04:01
YRRLYQSMNSQYLKL,HLA-DRB1*01:01,Mus musculus,Mus musculus (mouse),1.0,1,HLA-DRB1*01:01
DSNIVIMLVGNKSDL,HLA-DRB1*01:01,Mus musculus,Mus musculus (mouse),1.0,1,HLA-DRB1*01:01
QSPAILSVSPGERVS,HLA-DRB1*04:01,Mus musculus,Homo sapiens (human),0.0,0,HLA-DRB1*04:01
INEIRQMSGAQIKIA,HLA-DRB1*01:01,Mus musculus,Mus musculus (mouse),1.0,1,HLA-DRB1*01:01
DTIAKYEIMDGAPVR,HLA-DRB1*01:01,Mus musculus,Mus musculus (mouse),1.0,1,HLA-DRB1*01:01
RPVPEFHLLPGQRFQ,HLA-DRB1*01:01,Mus musculus,Mus musculus (mouse),1.0,1,HLA-DRB1*01:01
AAQIFGLNNHLVWAK,HLA-DRB1*01:01,Mus musculus,Mus musculus (mouse),1.0,1,HLA-DRB1*01:01
PPFPTWTLLPTAHSQ,HLA-DRB1*01:01,Mus musculus,Mus musculus (mouse),1.0,1,HLA-DRB1*01:01
NDLPVWEYAHKHGIP,HLA-DRB1*01:01,Mus musculus,Mus musculus (mouse),1.0,1,HLA-DRB1*01:01
IQTAVRLLLPGELAK,HLA-DRB1*01:01,Mus musculus,Mus musculus (mouse),1.0,1,HLA-DRB1*01:01
ATIYDVLSTKPVLNK,HLA-DRB1*01:01,Mus musculus,Mus musculus (mouse),1.0,1,HLA-DRB1*01:01
SSIHWYQQRTNGSPR,HLA-DRB1*04:01,Mus musculus,Homo sapiens (human),1.0,1,HLA-DRB1*04:01
GSGVIDWLVSNKLVR,HLA-DRB1*01:01,Mus musculus,Mus musculus (mouse),1.0,1,HLA-DRB1*01:01
EAGFRRLTPTEVRDY,HLA-DRB1*01:01,Mus musculus,Mus musculus (mouse),1.0,1,HLA-DRB1*01:01
TVPFYIFSESYGGKM,HLA-DRB1*01:01,Mus musculus,Mus musculus (mouse),1.0,1,HLA-DRB1*01:01
GDTVYTIEVPFHGKT,HLA-DRB1*01:01,Mus musculus,Mus musculus (mouse),1.0,1,HLA-DRB1*01:01
FSTEFQRMKTLQVKD,HLA-DRB1*01:01,Mus musculus,Mus musculus (mouse),1.0,1,HLA-DRB1*01:01
SYNMHWVKQTPGRGL,HLA-DRB1*09:01,Mus musculus,Homo sapiens (human),1.0,1,HLA-DRB1*09:01
LVPFVVQLSGHLAQE,HLA-DRB1*01:01,Mus musculus,Mus musculus (mouse),1.0,1,HLA-DRB1*01:01
DSEIKIMKSEVLRVT,HLA-DRB1*01:01,Mus musculus,Mus musculus (mouse),1.0,1,HLA-DRB1*01:01
TETVLRQAIAERIKP,HLA-DRB1*01:01,Mus musculus,Mus musculus (mouse),1.0,1,HLA-DRB1*01:01
IDQLYLEYAKRAAPF,HLA-DRB1*01:01,Mus musculus,Mus musculus (mouse),1.0,1,HLA-DRB1*01:01
LRDNIQGITKPAIRR,HLA-DRB1*01:01,Mus musculus,Homo sapiens (human),1.0,1,HLA-DRB1*01:01
VPTNIIAAKAAEVRA,HLA-DRB1*01:01,Mus musculus,Mus musculus (mouse),1.0,1,HLA-DRB1*01:01
LPDAFSAFPGLKVLA,HLA-DRB1*01:01,Mus musculus,Mus musculus (mouse),1.0,1,HLA-DRB1*01:01
ANIETYLLEKSRAIR,HLA-DRB1*01:01,Mus musculus,Mus musculus (mouse),1.0,1,HLA-DRB1*01:01
TVQYRVQGAVEAAKV,HLA-DRB1*01:01,Mus musculus,Mus musculus (mouse),1.0,1,HLA-DRB1*01:01
DILLTQSPAILSVSP,HLA-DRB1*15:01,Mus musculus,Homo sapiens (human),1.0,1,HLA-DRB1*15:01
SRGEYSWAVAQGVKQ,HLA-DRB1*01:01,Mus musculus,Mus musculus (mouse),1.0,1,HLA-DRB1*01:01
AQGKYIAIASTTVET,HLA-DRB1*01:01,Mus musculus,Mus musculus (mouse),1.0,1,HLA-DRB1*01:01
MQKEITALAPSTMKI,HLA-DRB1*01:01,Mus musculus,Mus musculus (mouse),1.0,1,HLA-DRB1*01:01
PESWVPAVGLTLVPS,HLA-DRB1*01:01,Mus musculus,Mus musculus (mouse),1.0,1,HLA-DRB1*01:01
WVKQTPGRGLEWIGA,HLA-DRB1*15:01,Mus musculus,Homo sapiens (human),0.0,0,HLA-DRB1*15:01
AGESFNKLVSGKLRE,HLA-DRB1*01:01,Mus musculus,Mus musculus (mouse),1.0,1,HLA-DRB1*01:01
LPSDFFSLTAEEVKR,HLA-DRB1*01:01,Mus musculus,Mus musculus (mouse),1.0,1,HLA-DRB1*01:01
RQTLEPQLALRLAVS,HLA-DRB1*01:01,Mus musculus,Mus musculus (mouse),1.0,1,HLA-DRB1*01:01
NKEALELLKTAIAKA,HLA-DRB1*01:01,Mus musculus,Mus musculus (mouse),1.0,1,HLA-DRB1*01:01
APPSTWASLTARDFQ,HLA-DRB1*01:01,Mus musculus,Mus musculus (mouse),1.0,1,HLA-DRB1*01:01
IRASFKRLYGKSLYS,HLA-DRB1*01:01,Mus musculus,Mus musculus (mouse),1.0,1,HLA-DRB1*01:01
VKALFVSEQGKSLTR,HLA-DRB1*01:01,Mus musculus,Mus musculus (mouse),1.0,1,HLA-DRB1*01:01
GPGLGYLSSHIANVE,HLA-DRB1*01:01,Mus musculus,Mus musculus (mouse),1.0,1,HLA-DRB1*01:01
KEDFSSLSAQLLYKM,HLA-DRB1*01:01,Mus musculus,Mus musculus (mouse),1.0,1,HLA-DRB1*01:01
VQEPVAVLKANSVWG,HLA-DRB1*01:01,Mus musculus,Mus musculus (mouse),1.0,1,HLA-DRB1*01:01
QNAWFLPAQADIVAT,HLA-DRB1*01:01,Mus musculus,Mus musculus (mouse),1.0,1,HLA-DRB1*01:01
SHPFYLALEDGGLAH,HLA-DRB1*01:01,Mus musculus,Mus musculus (mouse),1.0,1,HLA-DRB1*01:01
AEILELAGNAARDNK,HLA-DRB1*01:01,Mus musculus,Mus musculus (mouse),1.0,1,HLA-DRB1*01:01
RVGLNLLYAQTVSDI,HLA-DRB1*01:01,Mus musculus,Mus musculus (mouse),1.0,1,HLA-DRB1*01:01
SARFRYLMGERLGVH,HLA-DRB1*01:01,Mus musculus,Mus musculus (mouse),1.0,1,HLA-DRB1*01:01
DDEFTHLYTLIVRPD,HLA-DRB1*01:01,Mus musculus,Mus musculus (mouse),1.0,1,HLA-DRB1*01:01
AQRWIEQLKTVAGSK,HLA-DRB1*01:01,Mus musculus,Mus musculus (mouse),1.0,1,HLA-DRB1*01:01
NEKKLKSMEAEMIQL,HLA-DRB1*01:01,Mus musculus,Mus musculus (mouse),1.0,1,HLA-DRB1*01:01
HPSQPFYILKPQMPW,HLA-DRB1*01:01,Mus musculus,Mus musculus (mouse),1.0,1,HLA-DRB1*01:01
MNTFSVVPSPKVSDT,HLA-DRB1*01:01,Mus musculus,Mus musculus (mouse),1.0,1,HLA-DRB1*01:01
ERDALNIETAVKTKG,HLA-DRB1*01:01,Mus musculus,Mus musculus (mouse),1.0,1,HLA-DRB1*01:01
INHIISVAGWGVSND,HLA-DRB1*01:01,Mus musculus,Mus musculus (mouse),1.0,1,HLA-DRB1*01:01
QIWRIEGSNKVPVDP,HLA-DRB1*01:01,Mus musculus,Mus musculus (mouse),1.0,1,HLA-DRB1*01:01
FVNDIFERIASEASR,HLA-DRB1*01:01,Mus musculus,Mus musculus (mouse),1.0,1,HLA-DRB1*01:01
VLEYARLRGIRVIPE,HLA-DRB1*01:01,Mus musculus,Mus musculus (mouse),1.0,1,HLA-DRB1*01:01
RPFLAILGGAKVADK,HLA-DRB1*01:01,Mus musculus,Mus musculus (mouse),1.0,1,HLA-DRB1*01:01
NKILRILKSKGLAPD,HLA-DRB1*01:01,Mus musculus,Mus musculus (mouse),1.0,1,HLA-DRB1*01:01
IQDYLQQLTGARTVP,HLA-DRB1*01:01,Mus musculus,Mus musculus (mouse),1.0,1,HLA-DRB1*01:01
MDFKVIEGSFVYKGG,HLA-DRB1*01:01,Mus musculus,Mus musculus (mouse),1.0,1,HLA-DRB1*01:01
NSVWGALRGLETFSQ,HLA-DRB1*01:01,Mus musculus,Mus musculus (mouse),1.0,1,HLA-DRB1*01:01
EPITGFTLQFAKRLQ,HLA-DRB1*01:01,Mus musculus,Mus musculus (mouse),1.0,1,HLA-DRB1*01:01
RPEEYEFLTPVEEAP,HLA-DRB1*01:01,Mus musculus,Mus musculus (mouse),1.0,1,HLA-DRB1*01:01
VLQDVAALHGPVVFR,HLA-DRB1*01:01,Mus musculus,Mus musculus (mouse),1.0,1,HLA-DRB1*01:01
EGPAFNFLDAPAVRV,HLA-DRB1*01:01,Mus musculus,Mus musculus (mouse),1.0,1,HLA-DRB1*01:01
GEYGFQNAILVRYTQ,HLA-DRB1*01:01,Mus musculus,Mus musculus (mouse),1.0,1,HLA-DRB1*01:01
PGRGLEWIGAIYPGN,HLA-DRB1*01:01,Mus musculus,Homo sapiens (human),1.0,1,HLA-DRB1*01:01
TTAYALLASLKLKDM,HLA-DRB1*01:01,Mus musculus,Mus musculus (mouse),1.0,1,HLA-DRB1*01:01
ATKQFEQLQAAIHTD,HLA-DRB1*01:01,Mus musculus,Mus musculus (mouse),1.0,1,HLA-DRB1*01:01
VYNVYYRVVGESIWK,HLA-DRB1*01:01,Mus musculus,Mus musculus (mouse),1.0,1,HLA-DRB1*01:01
PEKGLEWVAEIRSKS,HLA-DRB1*11:01,Mus musculus,Homo sapiens (human),1.0,1,HLA-DRB1*11:01
DILLTQSPAILSVSP,HLA-DRB1*04:01,Mus musculus,Homo sapiens (human),0.0,0,HLA-DRB1*04:01
DKVIQAQTAYSANPA,HLA-DRB1*01:01,Mus musculus,Mus musculus (mouse),1.0,1,HLA-DRB1*01:01
RIDFSKLTSLNVKYN,HLA-DRB1*01:01,Mus musculus,Mus musculus (mouse),1.0,1,HLA-DRB1*01:01
DEPVWRSEQAIGAIA,HLA-DRB1*01:01,Mus musculus,Mus musculus (mouse),1.0,1,HLA-DRB1*01:01
SYNMHWVKQTPGRGL,HLA-DRB1*01:01,Mus musculus,Homo sapiens (human),1.0,1,HLA-DRB1*01:01
DEEEFALAKHLIKIK,HLA-DRB1*01:01,Mus musculus,Mus musculus (mouse),1.0,1,HLA-DRB1*01:01
LPRFEARKAVLAALK,HLA-DRB1*01:01,Mus musculus,Mus musculus (mouse),1.0,1,HLA-DRB1*01:01
VKFRELTDHLLKDYP,HLA-DRB1*01:01,Mus musculus,Mus musculus (mouse),1.0,1,HLA-DRB1*01:01
VNQFRQLYSKVINDK,HLA-DRB1*01:01,Mus musculus,Mus musculus (mouse),1.0,1,HLA-DRB1*01:01
WYFNVWGAGTTVTVS,HLA-DRB1*01:01,Mus musculus,Homo sapiens (human),1.0,1,HLA-DRB1*01:01
NSNQFQTEVGKQLIS,HLA-DRB1*01:01,Mus musculus,Mus musculus (mouse),1.0,1,HLA-DRB1*01:01
NSEFSSVLAAQLKHH,HLA-DRB1*01:01,Mus musculus,Mus musculus (mouse),1.0,1,HLA-DRB1*01:01
ADDYTTANARKLIDE,HLA-DRB1*01:01,Mus musculus,Mus musculus (mouse),1.0,1,HLA-DRB1*01:01
KDPFLSLVPYPISTT,HLA-DRB1*01:01,Mus musculus,Mus musculus (mouse),1.0,1,HLA-DRB1*01:01
ANLGYFQLKANPGAW,HLA-DRB1*01:01,Mus musculus,Mus musculus (mouse),1.0,1,HLA-DRB1*01:01
ANINEIRQMSGAQIK,HLA-DRB1*01:01,Mus musculus,Mus musculus (mouse),1.0,1,HLA-DRB1*01:01
EKLGEYGFQNAILVR,HLA-DRB1*01:01,Mus musculus,Mus musculus (mouse),1.0,1,HLA-DRB1*01:01
TPQTYKVISTLTISE,HLA-DRB1*01:01,Mus musculus,Mus musculus (mouse),1.0,1,HLA-DRB1*01:01
SKKEFRQMVEAQLAT,HLA-DRB1*01:01,Mus musculus,Mus musculus (mouse),1.0,1,HLA-DRB1*01:01
TELNYKNTEPVLDSD,HLA-DRB1*01:01,Mus musculus,Mus musculus (mouse),1.0,1,HLA-DRB1*01:01
EPRTFLAMRTLEELN,HLA-DRB1*01:01,Mus musculus,Mus musculus (mouse),1.0,1,HLA-DRB1*01:01
QERFRSLIPSYIRDS,HLA-DRB1*01:01,Mus musculus,Mus musculus (mouse),1.0,1,HLA-DRB1*01:01
QLPDLMGLKAVNVAK,HLA-DRB1*01:01,Mus musculus,Mus musculus (mouse),1.0,1,HLA-DRB1*01:01
EPIYFTGLASEPGAR,HLA-DRB1*01:01,Mus musculus,Mus musculus (mouse),1.0,1,HLA-DRB1*01:01
QSPAILSVSPGERVS,HLA-DRB1*11:01,Mus musculus,Homo sapiens (human),0.0,0,HLA-DRB1*11:01
VNEIFMAIAKKLPKN,HLA-DRB1*01:01,Mus musculus,Mus musculus (mouse),1.0,1,HLA-DRB1*01:01
GHLFQVEYAQEAVKK,HLA-DRB1*01:01,Mus musculus,Mus musculus (mouse),1.0,1,HLA-DRB1*01:01
KEITALAPSTMKIKI,HLA-DRB1*01:01,Mus musculus,Mus musculus (mouse),1.0,1,HLA-DRB1*01:01
WYFNVWGAGTTVTVS,HLA-DRB1*07:01,Mus musculus,Homo sapiens (human),1.0,1,HLA-DRB1*07:01
AEEEFNIEKGRLVQT,HLA-DRB1*01:01,Mus musculus,Mus musculus (mouse),1.0,1,HLA-DRB1*01:01
AAEYAKLLAKRMKEA,HLA-DRB1*01:01,Mus musculus,Mus musculus (mouse),1.0,1,HLA-DRB1*01:01
IRSKSINSATHYAES,HLA-DRB1*01:01,Mus musculus,Homo sapiens (human),0.0,0,HLA-DRB1*01:01
GGYVKLFPSGLDQKD,HLA-DRB1*01:01,Mus musculus,Mus musculus (mouse),1.0,1,HLA-DRB1*01:01
QDYLQQLTGARTVPR,HLA-DRB1*01:01,Mus musculus,Mus musculus (mouse),1.0,1,HLA-DRB1*01:01
KQIWRIEGSNKVPVD,HLA-DRB1*01:01,Mus musculus,Mus musculus (mouse),1.0,1,HLA-DRB1*01:01
LIPKFLMANGQLVKM,HLA-DRB1*01:01,Mus musculus,Mus musculus (mouse),1.0,1,HLA-DRB1*01:01
NKTWKFVEGLPINDF,HLA-DRB1*01:01,Mus musculus,Mus musculus (mouse),1.0,1,HLA-DRB1*01:01
LGKQYWLITAFHAKG,HLA-DRB1*01:01,Mus musculus,Mus musculus (mouse),1.0,1,HLA-DRB1*01:01
KKLNWQKLPSNVARE,HLA-DRB1*01:01,Mus musculus,Mus musculus (mouse),1.0,1,HLA-DRB1*01:01
KAAIAAAAAAAAAKA,HLA-DRB1*01:01,Mus musculus,Mus musculus (mouse),1.0,1,HLA-DRB1*01:01
INSATHYAESVKGRF,HLA-DRB1*15:01,Mus musculus,Homo sapiens (human),0.0,0,HLA-DRB1*15:01
SYNMHWVKQTPGRGL,HLA-DRB1*07:01,Mus musculus,Homo sapiens (human),1.0,1,HLA-DRB1*07:01
AAVYKALSDHHVYLE,HLA-DRB1*01:01,Mus musculus,Mus musculus (mouse),1.0,1,HLA-DRB1*01:01
GFYRSGQAKETIPLQ,HLA-DRB1*01:01,Mus musculus,Mus musculus (mouse),1.0,1,HLA-DRB1*01:01
AGAYSKLVQERLVQA,HLA-DRB1*01:01,Mus musculus,Mus musculus (mouse),1.0,1,HLA-DRB1*01:01
FTDLFEKMVPVSVQQ,HLA-DRB1*01:01,Mus musculus,Mus musculus (mouse),1.0,1,HLA-DRB1*01:01
QQYLPLPTPKVIGID,HLA-DRB1*01:01,Mus musculus,Mus musculus (mouse),1.0,1,HLA-DRB1*01:01
TFQTLVMLETVPQSG,HLA-DRB1*01:01,Mus musculus,Mus musculus (mouse),1.0,1,HLA-DRB1*01:01
YDHFTNLYPQLIKNP,HLA-DRB1*01:01,Mus musculus,Mus musculus (mouse),1.0,1,HLA-DRB1*01:01
YGTYEKIVGDKVAVW,HLA-DRB1*01:01,Mus musculus,Mus musculus (mouse),1.0,1,HLA-DRB1*01:01
IRSKSINSATHYAES,HLA-DRB1*07:01,Mus musculus,Homo sapiens (human),0.0,0,HLA-DRB1*07:01
TADKSSSTAYMQLSS,HLA-DRB1*04:01,Mus musculus,Homo sapiens (human),0.0,0,HLA-DRB1*04:01
FAYYHGLLGNRLWTS,HLA-DRB1*01:01,Mus musculus,Mus musculus (mouse),1.0,1,HLA-DRB1*01:01
GEERFAYLNNNGISS,HLA-DRB1*01:01,Mus musculus,Mus musculus (mouse),1.0,1,HLA-DRB1*01:01
DFEQEMATAASSSSL,HLA-DRB1*01:01,Mus musculus,Mus musculus (mouse),1.0,1,HLA-DRB1*01:01
QSPAILSVSPGERVS,HLA-DRB1*15:01,Mus musculus,Homo sapiens (human),1.0,1,HLA-DRB1*15:01
KEYRVILPVSVDEYQ,HLA-DRB1*01:01,Mus musculus,Mus musculus (mouse),1.0,1,HLA-DRB1*01:01
PAGFRQLLPEVLEPG,HLA-DRB1*01:01,Mus musculus,Mus musculus (mouse),1.0,1,HLA-DRB1*01:01
HGVYVVEYGFPLNPM,HLA-DRB1*01:01,Mus musculus,Mus musculus (mouse),1.0,1,HLA-DRB1*01:01
ESDLAQQYGVRGYPT,HLA-DRB1*01:01,Mus musculus,Mus musculus (mouse),1.0,1,HLA-DRB1*01:01
SSLDFLNLQGSWLRS,HLA-DRB1*01:01,Mus musculus,Mus musculus (mouse),1.0,1,HLA-DRB1*01:01
SLEIFQNEVARQLIS,HLA-DRB1*01:01,Mus musculus,Mus musculus (mouse),1.0,1,HLA-DRB1*01:01
EDTGVYYCSRNYYGS,HLA-DRB1*09:01,Mus musculus,Homo sapiens (human),1.0,1,HLA-DRB1*09:01
AVGKWLQINGEAIYA,HLA-DRB1*01:01,Mus musculus,Mus musculus (mouse),1.0,1,HLA-DRB1*01:01
NDEELNKLLGRVTIA,HLA-DRB1*01:01,Mus musculus,Mus musculus (mouse),1.0,1,HLA-DRB1*01:01
NTQQYKVLIGNREWM,HLA-DRB1*01:01,Mus musculus,Mus musculus (mouse),1.0,1,HLA-DRB1*01:01
GYTFTSYNMHWVKQT,HLA-DRB1*04:01,Mus musculus,Homo sapiens (human),1.0,1,HLA-DRB1*04:01
ASMAEPKTVYWDRDM,HLA-DRB5*01:01,Mus musculus,Homo sapiens (human),1.0,1,HLA-DRB5*01:01
PEKGLEWVAEIRSKS,HLA-DRB1*07:01,Mus musculus,Homo sapiens (human),0.0,0,HLA-DRB1*07:01
ETRIEELRAKPLMEL,HLA-DRB1*01:01,Mus musculus,Mus musculus (mouse),1.0,1,HLA-DRB1*01:01
GTQLMHENAQLTDAL,HLA-DRB1*01:01,Mus musculus,Mus musculus (mouse),1.0,1,HLA-DRB1*01:01
GEAIQYLHSINIAHR,HLA-DRB1*01:01,Mus musculus,Mus musculus (mouse),1.0,1,HLA-DRB1*01:01
DEDAYKKQFSQYIKN,HLA-DRB1*01:01,Mus musculus,Mus musculus (mouse),1.0,1,HLA-DRB1*01:01
TDKITLEVAKLIKDD,HLA-DRB1*01:01,Mus musculus,Mus musculus (mouse),1.0,1,HLA-DRB1*01:01
DLIYRDLKPENLLID,HLA-DRB1*01:01,Mus musculus,Mus musculus (mouse),1.0,1,HLA-DRB1*01:01
DPSAFAAAAPAAAAT,HLA-DRB1*01:01,Mus musculus,Mus musculus (mouse),1.0,1,HLA-DRB1*01:01
SSYYRGAHGIIVVYD,HLA-DRB1*01:01,Mus musculus,Mus musculus (mouse),1.0,1,HLA-DRB1*01:01
HLLIDLTSFLLSLFS,HLA-DRB1*04:01,Mus musculus,Homo sapiens (human),0.0,0,HLA-DRB1*04:01
GEFIKASSIEARQAI,HLA-DRB1*01:01,Mus musculus,Mus musculus (mouse),1.0,1,HLA-DRB1*01:01
AAAFQRLHSLQVLVL,HLA-DRB1*01:01,Mus musculus,Mus musculus (mouse),1.0,1,HLA-DRB1*01:01
YLKYFVEAGAMAVRR,HLA-DRB1*01:01,Mus musculus,Mus musculus (mouse),1.0,1,HLA-DRB1*01:01
VGTIFIIQGLRSGGT,HLA-DRB1*01:01,Mus musculus,Mus musculus (mouse),1.0,1,HLA-DRB1*01:01
TPGLWLGLPAVPAVT,HLA-DRB1*01:01,Mus musculus,Mus musculus (mouse),1.0,1,HLA-DRB1*01:01
NPNTVIILIGNKADL,HLA-DRB1*01:01,Mus musculus,Mus musculus (mouse),1.0,1,HLA-DRB1*01:01
GYTFTSYNMHWVKQT,HLA-DRB1*07:01,Mus musculus,Homo sapiens (human),1.0,1,HLA-DRB1*07:01
SPEDLEKLLPHKVFE,HLA-DRB1*01:01,Mus musculus,Mus musculus (mouse),1.0,1,HLA-DRB1*01:01
DLFEKMVPVSVQQSL,HLA-DRB1*01:01,Mus musculus,Mus musculus (mouse),1.0,1,HLA-DRB1*01:01
GDTSYNQKFKGKATL,HLA-DRB1*01:01,Mus musculus,Homo sapiens (human),0.0,0,HLA-DRB1*01:01
RKMKFALLKGSFSEQ,HLA-DRB1*01:01,Mus musculus,Mus musculus (mouse),1.0,1,HLA-DRB1*01:01
LKDEFTYEKGGHIIL,HLA-DRB1*01:01,Mus musculus,Mus musculus (mouse),1.0,1,HLA-DRB1*01:01
PGRGLEWIGAIYPGN,HLA-DRB1*11:01,Mus musculus,Homo sapiens (human),1.0,1,HLA-DRB1*11:01
GVVYYRVQNATLAVA,HLA-DRB1*01:01,Mus musculus,Mus musculus (mouse),1.0,1,HLA-DRB1*01:01
INQTYQQQYGRSLEE,HLA-DRB1*01:01,Mus musculus,Mus musculus (mouse),1.0,1,HLA-DRB1*01:01
SSIHWYQQRTNGSPR,HLA-DRB1*01:01,Mus musculus,Homo sapiens (human),1.0,1,HLA-DRB1*01:01
EAAVYTLAKTPLIAD,HLA-DRB1*01:01,Mus musculus,Mus musculus (mouse),1.0,1,HLA-DRB1*01:01
RPVINILKTITVTPN,HLA-DRB1*01:01,Mus musculus,Mus musculus (mouse),1.0,1,HLA-DRB1*01:01
PEKGLEWVAEIRSKS,HLA-DRB1*09:01,Mus musculus,Homo sapiens (human),0.0,0,HLA-DRB1*09:01
VFDNYSAQSAVDGRT,HLA-DRB1*01:01,Mus musculus,Mus musculus (mouse),1.0,1,HLA-DRB1*01:01
RVVLFEMEARKLDNK,HLA-DRB1*01:01,Mus musculus,Mus musculus (mouse),1.0,1,HLA-DRB1*01:01
KGIYLNLASNRISII,HLA-DRB1*01:01,Mus musculus,Mus musculus (mouse),1.0,1,HLA-DRB1*01:01
GSQQYRALSVAELTQ,HLA-DRB1*01:01,Mus musculus,Mus musculus (mouse),1.0,1,HLA-DRB1*01:01
RKPSYLFISSLAGAD,HLA-DRB1*01:01,Mus musculus,Mus musculus (mouse),1.0,1,HLA-DRB1*01:01
IKAAFKTMYGKDLIK,HLA-DRB1*01:01,Mus musculus,Mus musculus (mouse),1.0,1,HLA-DRB1*01:01
IKREVVLEEGTTAFK,HLA-DRB1*01:01,Mus musculus,Mus musculus (mouse),1.0,1,HLA-DRB1*01:01
VLGKYISLEGFEQPV,HLA-DRB1*01:01,Mus musculus,Mus musculus (mouse),1.0,1,HLA-DRB1*01:01
APLFFGEQRGGRVFT,HLA-DRB1*01:01,Mus musculus,Mus musculus (mouse),1.0,1,HLA-DRB1*01:01
KAGHYLELGAEIART,HLA-DRB1*01:01,Mus musculus,Mus musculus (mouse),1.0,1,HLA-DRB1*01:01
KISFQPAVAGIKADK,HLA-DRB1*01:01,Mus musculus,Mus musculus (mouse),1.0,1,HLA-DRB1*01:01
PGRGLEWIGAIYPGN,HLA-DRB1*15:01,Mus musculus,Homo sapiens (human),1.0,1,HLA-DRB1*15:01
GKNDYVKALPGHLKP,HLA-DRB1*01:01,Mus musculus,Mus musculus (mouse),1.0,1,HLA-DRB1*01:01
EVWKWKAEKGDRIYH,HLA-DRB1*01:01,Mus musculus,Mus musculus (mouse),1.0,1,HLA-DRB1*01:01
YVTLKEMPAVLVFKD,HLA-DRB1*01:01,Mus musculus,Mus musculus (mouse),1.0,1,HLA-DRB1*01:01
TADKSSSTAYMQLSS,HLA-DRB1*07:01,Mus musculus,Homo sapiens (human),0.0,0,HLA-DRB1*07:01
DILLTQSPAILSVSP,HLA-DRB1*11:01,Mus musculus,Homo sapiens (human),0.0,0,HLA-DRB1*11:01
AQQSFNMEQANYTIQ,HLA-DRB1*01:01,Mus musculus,Mus musculus (mouse),1.0,1,HLA-DRB1*01:01
SERWQQEVAETVFDT,HLA-DRB1*01:01,Mus musculus,Mus musculus (mouse),1.0,1,HLA-DRB1*01:01
LVAYYTLIGASGQRE,HLA-DRB1*01:01,Mus musculus,Mus musculus (mouse),1.0,1,HLA-DRB1*01:01
DHKFDLMYAKRAFVH,HLA-DRB1*01:01,Mus musculus,Mus musculus (mouse),1.0,1,HLA-DRB1*01:01
NRKWFWDFATRTQKE,HLA-DRB1*01:01,Mus musculus,Mus musculus (mouse),1.0,1,HLA-DRB1*01:01
VAPFMSNIPLLLYPQ,HLA-DRB1*01:01,Mus musculus,Mus musculus (mouse),1.0,1,HLA-DRB1*01:01
RTAFNMLSGKPSVAP,HLA-DRB1*01:01,Mus musculus,Mus musculus (mouse),1.0,1,HLA-DRB1*01:01
NDGEYVFLTGEDNYL,HLA-DRB1*01:01,Mus musculus,Mus musculus (mouse),1.0,1,HLA-DRB1*01:01
EQESYKQMQSEFAAR,HLA-DRB1*01:01,Mus musculus,Mus musculus (mouse),1.0,1,HLA-DRB1*01:01
IEDTFETLRAAVAAS,HLA-DRB1*01:01,Mus musculus,Mus musculus (mouse),1.0,1,HLA-DRB1*01:01
LPQSYLIHEHMVITD,HLA-DRB1*01:01,Mus musculus,Mus musculus (mouse),1.0,1,HLA-DRB1*01:01
NKKIYKIGQGYLIKD,HLA-DRB1*01:01,Mus musculus,Mus musculus (mouse),1.0,1,HLA-DRB1*01:01
WTVYEEQGSSKVFQG,HLA-DRB1*01:01,Mus musculus,Mus musculus (mouse),1.0,1,HLA-DRB1*01:01
EDTFETLRAAVAASG,HLA-DRB1*01:01,Mus musculus,Mus musculus (mouse),1.0,1,HLA-DRB1*01:01
DPRPYEAENAIESWR,HLA-DRB1*01:01,Mus musculus,Mus musculus (mouse),1.0,1,HLA-DRB1*01:01
SQASLIQEYVLHVYK,HLA-DRB1*01:01,Mus musculus,Mus musculus (mouse),1.0,1,HLA-DRB1*01:01
TNDFVTLRTPEGLPD,HLA-DRB1*01:01,Mus musculus,Mus musculus (mouse),1.0,1,HLA-DRB1*01:01
ESFKNMVPQQALVIR,HLA-DRB1*01:01,Mus musculus,Mus musculus (mouse),1.0,1,HLA-DRB1*01:01
QNEKYYILRPEVIET,HLA-DRB1*01:01,Mus musculus,Mus musculus (mouse),1.0,1,HLA-DRB1*01:01
APPPYSSITAESAAY,HLA-DRB1*01:01,Mus musculus,Mus musculus (mouse),1.0,1,HLA-DRB1*01:01
SNEAWSSLPAEVLDS,HLA-DRB1*01:01,Mus musculus,Mus musculus (mouse),1.0,1,HLA-DRB1*01:01
YIKEFGSLPTTPSEQ,HLA-DRB1*01:01,Mus musculus,Mus musculus (mouse),1.0,1,HLA-DRB1*01:01
NINEIRQMSGAQIKI,HLA-DRB1*01:01,Mus musculus,Mus musculus (mouse),1.0,1,HLA-DRB1*01:01
INSATHYAESVKGRF,HLA-DRB1*07:01,Mus musculus,Homo sapiens (human),0.0,0,HLA-DRB1*07:01
KAVTVETLSGQAVVS,HLA-DRB1*01:01,Mus musculus,Mus musculus (mouse),1.0,1,HLA-DRB1*01:01
WFGFYRSGQAKETIP,HLA-DRB1*01:01,Mus musculus,Mus musculus (mouse),1.0,1,HLA-DRB1*01:01
DVGEYRAVTELGRPD,HLA-DRB1*01:01,Mus musculus,Mus musculus (mouse),1.0,1,HLA-DRB1*01:01
KISFKSLPASLVEPD,HLA-DRB1*01:01,Mus musculus,Mus musculus (mouse),1.0,1,HLA-DRB1*01:01
DVFQVVKSLRKARPG,HLA-DRB1*01:01,Mus musculus,Mus musculus (mouse),1.0,1,HLA-DRB1*01:01
KRYLSNQASALVFFS,HLA-DRB1*01:01,Mus musculus,Mus musculus (mouse),1.0,1,HLA-DRB1*01:01
GPAFNFLDAPAVRVT,HLA-DRB1*01:01,Mus musculus,Mus musculus (mouse),1.0,1,HLA-DRB1*01:01
INSATHYAESVKGRF,HLA-DRB1*04:01,Mus musculus,Homo sapiens (human),0.0,0,HLA-DRB1*04:01
AELEFAIQPNTTGKQ,HLA-DRB1*01:01,Mus musculus,Mus musculus (mouse),1.0,1,HLA-DRB1*01:01
ENAYVFEVGKNAYLP,HLA-DRB1*01:01,Mus musculus,Mus musculus (mouse),1.0,1,HLA-DRB1*01:01
SSPKPWIYATSNLAS,HLA-DRB1*07:01,Mus musculus,Homo sapiens (human),1.0,1,HLA-DRB1*07:01
ILSGFKLQESEPIRS,HLA-DRB1*01:01,Mus musculus,Mus musculus (mouse),1.0,1,HLA-DRB1*01:01
KPPSYNVATTLPSYD,HLA-DRB1*01:01,Mus musculus,Mus musculus (mouse),1.0,1,HLA-DRB1*01:01
VPDMFSSLQSLQVFS,HLA-DRB1*01:01,Mus musculus,Mus musculus (mouse),1.0,1,HLA-DRB1*01:01
ADHFEQMAAASMHQV,HLA-DRB1*01:01,Mus musculus,Mus musculus (mouse),1.0,1,HLA-DRB1*01:01
KVDVYGYVVKLRRQR,HLA-DRB1*01:01,Mus musculus,Mus musculus (mouse),1.0,1,HLA-DRB1*01:01
KVKFRELTDHLLKDY,HLA-DRB1*01:01,Mus musculus,Mus musculus (mouse),1.0,1,HLA-DRB1*01:01
IGDSWEKFVHGVRYQ,HLA-DRB1*01:01,Mus musculus,Mus musculus (mouse),1.0,1,HLA-DRB1*01:01
KDDEFTHLYTLIVRP,HLA-DRB1*01:01,Mus musculus,Mus musculus (mouse),1.0,1,HLA-DRB1*01:01
AGQFFPEAAQVAYQM,HLA-DRB1*01:01,Mus musculus,Mus musculus (mouse),1.0,1,HLA-DRB1*01:01
SERLFMEMADRLAQD,HLA-DRB1*01:01,Mus musculus,Mus musculus (mouse),1.0,1,HLA-DRB1*01:01
EKRIYIPLPEAHARA,HLA-DRB1*01:01,Mus musculus,Mus musculus (mouse),1.0,1,HLA-DRB1*01:01
ALEVLMEKAVAAVQK,HLA-DRB1*01:01,Mus musculus,Mus musculus (mouse),1.0,1,HLA-DRB1*01:01
ENYAGIAARDVAGGL,HLA-DRB1*01:01,Mus musculus,Mus musculus (mouse),1.0,1,HLA-DRB1*01:01
GEKLYQEARKIVGAM,HLA-DRB5*01:01,Mus musculus,Homo sapiens (human),0.0,0,HLA-DRB5*01:01
IAKYEIMDGAPVRGE,HLA-DRB1*01:01,Mus musculus,Mus musculus (mouse),1.0,1,HLA-DRB1*01:01
TGDAYVILKTVQLRN,HLA-DRB1*01:01,Mus musculus,Mus musculus (mouse),1.0,1,HLA-DRB1*01:01
LDKYLILNATQAESK,HLA-DRB1*01:01,Mus musculus,Mus musculus (mouse),1.0,1,HLA-DRB1*01:01
QRRSFSLLSSNQSGP,HLA-DRB1*01:01,Mus musculus,Mus musculus (mouse),1.0,1,HLA-DRB1*01:01
GVFDFQKAYDLSEEE,HLA-DRB1*01:01,Mus musculus,Mus musculus (mouse),1.0,1,HLA-DRB1*01:01
SHTNILVLDANSLAG,HLA-DRB1*01:01,Mus musculus,Mus musculus (mouse),1.0,1,HLA-DRB1*01:01
EDTGVYYCSRNYYGS,HLA-DRB1*11:01,Mus musculus,Homo sapiens (human),1.0,1,HLA-DRB1*11:01
DPTMFAYLRSLQAFS,HLA-DRB1*01:01,Mus musculus,Mus musculus (mouse),1.0,1,HLA-DRB1*01:01
MNTFSVMPSPKVSDT,HLA-DRB1*01:01,Mus musculus,Mus musculus (mouse),1.0,1,HLA-DRB1*01:01
RLQYYHEHSVPSHFP,HLA-DRB1*01:01,Mus musculus,Mus musculus (mouse),1.0,1,HLA-DRB1*01:01
IRSKSINSATHYAES,HLA-DRB1*09:01,Mus musculus,Homo sapiens (human),1.0,1,HLA-DRB1*09:01
LPEFISLPVGTVENQ,HLA-DRB1*01:01,Mus musculus,Mus musculus (mouse),1.0,1,HLA-DRB1*01:01
HKQIAVMRGQILNLT,HLA-DRB1*01:01,Mus musculus,Mus musculus (mouse),1.0,1,HLA-DRB1*01:01
DKLVRLYAVVTKEEP,HLA-DRB1*01:01,Mus musculus,Mus musculus (mouse),1.0,1,HLA-DRB1*01:01
TADKSSSTAYMQLSS,HLA-DRB1*01:01,Mus musculus,Homo sapiens (human),1.0,1,HLA-DRB1*01:01
ENFTELRGEIAGPPD,HLA-DRB1*01:01,Mus musculus,Mus musculus (mouse),1.0,1,HLA-DRB1*01:01
KEAINVEQAFQTIAR,HLA-DRB1*01:01,Mus musculus,Mus musculus (mouse),1.0,1,HLA-DRB1*01:01
NPADFVMEVASGEYG,HLA-DRB1*01:01,Mus musculus,Mus musculus (mouse),1.0,1,HLA-DRB1*01:01
AQLWYQLRGEDLETV,HLA-DRB1*01:01,Mus musculus,Mus musculus (mouse),1.0,1,HLA-DRB1*01:01
SSIHWYQQRTNGSPR,HLA-DRB1*15:01,Mus musculus,Homo sapiens (human),1.0,1,HLA-DRB1*15:01
FTPDWQSLDSRPLPS,HLA-DRB1*01:01,Mus musculus,Mus musculus (mouse),1.0,1,HLA-DRB1*01:01
GYTFTSYNMHWVKQT,HLA-DRB1*11:01,Mus musculus,Homo sapiens (human),1.0,1,HLA-DRB1*11:01
AEGRVVVLSSRPVVD,HLA-DRB1*01:01,Mus musculus,Mus musculus (mouse),1.0,1,HLA-DRB1*01:01
DQYTFELSRRTQVPE,HLA-DRB1*01:01,Mus musculus,Mus musculus (mouse),1.0,1,HLA-DRB1*01:01
INSATHYAESVKGRF,HLA-DRB1*09:01,Mus musculus,Homo sapiens (human),1.0,1,HLA-DRB1*09:01
GGVFQLEKGDQLSAE,HLA-DRB1*01:01,Mus musculus,Mus musculus (mouse),1.0,1,HLA-DRB1*01:01
QKQIWRIEGSNKVPV,HLA-DRB1*01:01,Mus musculus,Mus musculus (mouse),1.0,1,HLA-DRB1*01:01
NIETYLLEKSRAIRQ,HLA-DRB1*01:01,Mus musculus,Mus musculus (mouse),1.0,1,HLA-DRB1*01:01
SERTFIAIKPDGVQR,HLA-DRB1*01:01,Mus musculus,Mus musculus (mouse),1.0,1,HLA-DRB1*01:01
NGKNYSMIVNNLLKP,HLA-DRB1*01:01,Mus musculus,Mus musculus (mouse),1.0,1,HLA-DRB1*01:01
WGDNGFFKILRGENH,HLA-DRB1*01:01,Mus musculus,Mus musculus (mouse),1.0,1,HLA-DRB1*01:01
ETVWGALRGLETFSQ,HLA-DRB1*01:01,Mus musculus,Mus musculus (mouse),1.0,1,HLA-DRB1*01:01
DLDLYKSLQAWKDHK,HLA-DRB1*01:01,Mus musculus,Mus musculus (mouse),1.0,1,HLA-DRB1*01:01
TPNYQGQNAWFLPAQ,HLA-DRB1*01:01,Mus musculus,Mus musculus (mouse),1.0,1,HLA-DRB1*01:01
TSGDFRKLMVALAKG,HLA-DRB1*01:01,Mus musculus,Mus musculus (mouse),1.0,1,HLA-DRB1*01:01
NTVESEDIADYYCQQ,HLA-DRB1*09:01,Mus musculus,Homo sapiens (human),0.0,0,HLA-DRB1*09:01
DFSAFGNLRALDLSG,HLA-DRB1*01:01,Mus musculus,Mus musculus (mouse),1.0,1,HLA-DRB1*01:01
EQKLNTLVAEGLNDS,HLA-DRB1*01:01,Mus musculus,Mus musculus (mouse),1.0,1,HLA-DRB1*01:01
IDQLHLEYAKRAAPF,HLA-DRB1*01:01,Mus musculus,Mus musculus (mouse),1.0,1,HLA-DRB1*01:01
SLKFYKELQAHGADE,HLA-DRB1*01:01,Mus musculus,Mus musculus (mouse),1.0,1,HLA-DRB1*01:01
RRERIESLIGANLHH,HLA-DRB1*01:01,Mus musculus,Mus musculus (mouse),1.0,1,HLA-DRB1*01:01
SAAAFQRLHSLQVLV,HLA-DRB1*01:01,Mus musculus,Mus musculus (mouse),1.0,1,HLA-DRB1*01:01
SGTSYNFLGSEPIIS,HLA-DRB1*01:01,Mus musculus,Mus musculus (mouse),1.0,1,HLA-DRB1*01:01
VSDEYEQLSSEALEA,HLA-DRB1*01:01,Mus musculus,Mus musculus (mouse),1.0,1,HLA-DRB1*01:01
TQQYKVLIGNREWMI,HLA-DRB1*01:01,Mus musculus,Mus musculus (mouse),1.0,1,HLA-DRB1*01:01
TAKTLVLLMGKEGVH,HLA-DRB1*01:01,Mus musculus,Mus musculus (mouse),1.0,1,HLA-DRB1*01:01
AAGRYGAISGFGLSL,HLA-DRB1*01:01,Mus musculus,Mus musculus (mouse),1.0,1,HLA-DRB1*01:01
YDKEYLRQVSTLINN,HLA-DRB1*01:01,Mus musculus,Mus musculus (mouse),1.0,1,HLA-DRB1*01:01
APEEILAEKSFNTVP,HLA-DRB1*01:01,Mus musculus,Mus musculus (mouse),1.0,1,HLA-DRB1*01:01
VFDKYMTISGFQIEE,HLA-DRB1*01:01,Mus musculus,Mus musculus (mouse),1.0,1,HLA-DRB1*01:01
EEEFKKLTSIKIQND,HLA-DRB1*01:01,Mus musculus,Mus musculus (mouse),1.0,1,HLA-DRB1*01:01
SGVFDFQKAYDLSEE,HLA-DRB1*01:01,Mus musculus,Mus musculus (mouse),1.0,1,HLA-DRB1*01:01
ELRDFVKNIGWVARE,HLA-DRB1*01:01,Mus musculus,Mus musculus (mouse),1.0,1,HLA-DRB1*01:01
AEEYEFLTPMEEAPK,HLA-DRB1*01:01,Mus musculus,Mus musculus (mouse),1.0,1,HLA-DRB1*01:01
NVYTTVVAELVRGGQ,HLA-DRB1*01:01,Mus musculus,Mus musculus (mouse),1.0,1,HLA-DRB1*01:01
APNKFEALAAHDALV,HLA-DRB1*01:01,Mus musculus,Mus musculus (mouse),1.0,1,HLA-DRB1*01:01
WVKQTPGRGLEWIGA,HLA-DRB1*09:01,Mus musculus,Homo sapiens (human),1.0,1,HLA-DRB1*09:01
PEKGLEWVAEIRSKS,HLA-DRB1*01:01,Mus musculus,Homo sapiens (human),0.0,0,HLA-DRB1*01:01
VSAGYTKLVGNDVAR,HLA-DRB1*01:01,Mus musculus,Mus musculus (mouse),1.0,1,HLA-DRB1*01:01
NKSNLIFLAGNRVLK,HLA-DRB1*01:01,Mus musculus,Mus musculus (mouse),1.0,1,HLA-DRB1*01:01
HFSKFIPEGSQRVAL,HLA-DRB1*01:01,Mus musculus,Mus musculus (mouse),1.0,1,HLA-DRB1*01:01
SSPKPWIYATSNLAS,HLA-DRB1*09:01,Mus musculus,Homo sapiens (human),1.0,1,HLA-DRB1*09:01
GDAYVILKTVQLRNG,HLA-DRB1*01:01,Mus musculus,Mus musculus (mouse),1.0,1,HLA-DRB1*01:01
AGRYGAISGFGLSLI,HLA-DRB1*01:01,Mus musculus,Mus musculus (mouse),1.0,1,HLA-DRB1*01:01
SPRDVFIAVKTTRKF,HLA-DRB1*01:01,Mus musculus,Mus musculus (mouse),1.0,1,HLA-DRB1*01:01
LPVVWAQEGAPVHLP,HLA-DRB1*01:01,Mus musculus,Mus musculus (mouse),1.0,1,HLA-DRB1*01:01
KEVYFAERVTSLGKD,HLA-DRB1*01:01,Mus musculus,Mus musculus (mouse),1.0,1,HLA-DRB1*01:01
GDTSYNQKFKGKATL,HLA-DRB1*04:01,Mus musculus,Homo sapiens (human),1.0,1,HLA-DRB1*04:01
ALDFEQEMATAASSS,HLA-DRB1*01:01,Mus musculus,Mus musculus (mouse),1.0,1,HLA-DRB1*01:01
WRMFTQQQPQELARD,HLA-DRB1*01:01,Mus musculus,Mus musculus (mouse),1.0,1,HLA-DRB1*01:01
KKKVFETLEARMTEA,HLA-DRB1*01:01,Mus musculus,Mus musculus (mouse),1.0,1,HLA-DRB1*01:01
NHIISVAGWGVSNDG,HLA-DRB1*01:01,Mus musculus,Mus musculus (mouse),1.0,1,HLA-DRB1*01:01
WVKQTPGRGLEWIGA,HLA-DRB1*01:01,Mus musculus,Homo sapiens (human),1.0,1,HLA-DRB1*01:01
TDLFEKMVPVSVQQS,HLA-DRB1*01:01,Mus musculus,Mus musculus (mouse),1.0,1,HLA-DRB1*01:01
SDEDVIRLIGQHLNG,HLA-DRB1*01:01,Mus musculus,Mus musculus (mouse),1.0,1,HLA-DRB1*01:01
EVPNYKLITPAVVSE,HLA-DRB1*01:01,Mus musculus,Mus musculus (mouse),1.0,1,HLA-DRB1*01:01
TDPYQLMNAVNTLDR,HLA-DRB1*01:01,Mus musculus,Mus musculus (mouse),1.0,1,HLA-DRB1*01:01
VTSSFQSLEPTGVYH,HLA-DRB1*01:01,Mus musculus,Mus musculus (mouse),1.0,1,HLA-DRB1*01:01
NTVESEDIADYYCQQ,HLA-DRB1*01:01,Mus musculus,Homo sapiens (human),0.0,0,HLA-DRB1*01:01
WVKQTPGRGLEWIGA,HLA-DRB1*07:01,Mus musculus,Homo sapiens (human),1.0,1,HLA-DRB1*07:01
TAADYKILGGSVLHL,HLA-DRB1*01:01,Mus musculus,Mus musculus (mouse),1.0,1,HLA-DRB1*01:01
WVKQTPGRGLEWIGA,HLA-DRB1*04:01,Mus musculus,Homo sapiens (human),1.0,1,HLA-DRB1*04:01
EGGYFHVLLAPGVHN,HLA-DRB1*01:01,Mus musculus,Mus musculus (mouse),1.0,1,HLA-DRB1*01:01
SSPKPWIYATSNLAS,HLA-DRB1*15:01,Mus musculus,Homo sapiens (human),1.0,1,HLA-DRB1*15:01
EDTGVYYCSRNYYGS,HLA-DRB1*07:01,Mus musculus,Homo sapiens (human),1.0,1,HLA-DRB1*07:01
VIEFTEQTAPKIFGG,HLA-DRB1*01:01,Mus musculus,Mus musculus (mouse),1.0,1,HLA-DRB1*01:01
RLTLEQLQAVEARAP,HLA-DRB1*01:01,Mus musculus,Mus musculus (mouse),1.0,1,HLA-DRB1*01:01
SINYDLLKTENLDDE,HLA-DRB1*01:01,Mus musculus,Mus musculus (mouse),1.0,1,HLA-DRB1*01:01
DKKISRLDAELVKYK,HLA-DRB1*01:01,Mus musculus,Mus musculus (mouse),1.0,1,HLA-DRB1*01:01
GDDDWTHLSSKEVDP,HLA-DRB1*01:01,Mus musculus,Mus musculus (mouse),1.0,1,HLA-DRB1*01:01
RETYNSLAAWLTDAR,HLA-DRB1*01:01,Mus musculus,Mus musculus (mouse),1.0,1,HLA-DRB1*01:01
DILLTQSPAILSVSP,HLA-DRB1*01:01,Mus musculus,Homo sapiens (human),1.0,1,HLA-DRB1*01:01
LGSDWRLLRGYLQFA,HLA-DRB1*01:01,Mus musculus,Mus musculus (mouse),1.0,1,HLA-DRB1*01:01
LGEYGFQNAILVRYT,HLA-DRB1*01:01,Mus musculus,Mus musculus (mouse),1.0,1,HLA-DRB1*01:01
DLRVYKISIRKFSEL,HLA-DRB1*01:01,Mus musculus,Mus musculus (mouse),1.0,1,HLA-DRB1*01:01
APRVLIALLARNAAP,HLA-DRB1*01:01,Mus musculus,Mus musculus (mouse),1.0,1,HLA-DRB1*01:01
EDTGVYYCSRNYYGS,HLA-DRB1*04:01,Mus musculus,Homo sapiens (human),1.0,1,HLA-DRB1*04:01
KTGKLISLSAQNLVD,HLA-DRB1*01:01,Mus musculus,Mus musculus (mouse),1.0,1,HLA-DRB1*01:01
VQEKVFELMTNLHTK,HLA-DRB1*01:01,Mus musculus,Mus musculus (mouse),1.0,1,HLA-DRB1*01:01
FGFYRSGQAKETIPL,HLA-DRB1*01:01,Mus musculus,Mus musculus (mouse),1.0,1,HLA-DRB1*01:01
TAMDVVYALKRQGRT,HLA-DRB1*01:01,Mus musculus,Homo sapiens (human),1.0,1,HLA-DRB1*01:01
SLRYFVTAVSRPGLG,HLA-DRB1*01:01,Mus musculus,Mus musculus (mouse),1.0,1,HLA-DRB1*01:01
AATQFEPLAARSAFP,HLA-DRB1*01:01,Mus musculus,Mus musculus (mouse),1.0,1,HLA-DRB1*01:01
SSPKPWIYATSNLAS,HLA-DRB1*01:01,Mus musculus,Homo sapiens (human),1.0,1,HLA-DRB1*01:01
ALDFEQEMATAASSS,HLA-DRB1*01:01,Mus musculus,Homo sapiens (human),1.0,1,HLA-DRB1*01:01
NAGAYSKLVQERLVQ,HLA-DRB1*01:01,Mus musculus,Mus musculus (mouse),1.0,1,HLA-DRB1*01:01
GGLYRALAAQNIVED,HLA-DRB1*01:01,Mus musculus,Mus musculus (mouse),1.0,1,HLA-DRB1*01:01
IEDRVISLSGEHSII,HLA-DRB1*01:01,Mus musculus,Mus musculus (mouse),1.0,1,HLA-DRB1*01:01
SGVFEIAEASGVRPG,HLA-DRB1*01:01,Mus musculus,Mus musculus (mouse),1.0,1,HLA-DRB1*01:01
RQKLQELQGRLSPVA,HLA-DRB1*01:01,Mus musculus,Mus musculus (mouse),1.0,1,HLA-DRB1*01:01
RYEEIVKEVSTYIKK,HLA-DRB1*01:01,Mus musculus,Mus musculus (mouse),1.0,1,HLA-DRB1*01:01
GNENYAGIAARDVAG,HLA-DRB1*01:01,Mus musculus,Mus musculus (mouse),1.0,1,HLA-DRB1*01:01
HTNILVLDANSLAGL,HLA-DRB1*01:01,Mus musculus,Mus musculus (mouse),1.0,1,HLA-DRB1*01:01
LAGEFIKASSIEARQ,HLA-DRB1*01:01,Mus musculus,Mus musculus (mouse),1.0,1,HLA-DRB1*01:01
EDTGVYYCSRNYYGS,HLA-DRB1*01:01,Mus musculus,Homo sapiens (human),1.0,1,HLA-DRB1*01:01
TADKSSSTAYMQLSS,HLA-DRB1*09:01,Mus musculus,Homo sapiens (human),1.0,1,HLA-DRB1*09:01
TTILYKLKGNQLVDT,HLA-DRB1*01:01,Mus musculus,Mus musculus (mouse),1.0,1,HLA-DRB1*01:01
QPQELVSEEGRIVQT,HLA-DRB1*01:01,Mus musculus,Mus musculus (mouse),1.0,1,HLA-DRB1*01:01
NPLIFMAETALSGPK,HLA-DRB1*01:01,Mus musculus,Mus musculus (mouse),1.0,1,HLA-DRB1*01:01
EDGEFLGMKGFKGQL,HLA-DRB1*01:01,Mus musculus,Mus musculus (mouse),1.0,1,HLA-DRB1*01:01
EAQEVTIARAIELKH,HLA-DRB1*01:01,Mus musculus,Mus musculus (mouse),1.0,1,HLA-DRB1*01:01
YPAYISMKAIESPNK,HLA-DRB1*01:01,Mus musculus,Mus musculus (mouse),1.0,1,HLA-DRB1*01:01
VNPIIYALRSGEIRS,HLA-DRB1*01:01,Mus musculus,Mus musculus (mouse),1.0,1,HLA-DRB1*01:01
SFEQMEAVNIAQTPA,HLA-DRB1*01:01,Mus musculus,Mus musculus (mouse),1.0,1,HLA-DRB1*01:01
KAEWLAVKDEHLYVG,HLA-DRB1*01:01,Mus musculus,Mus musculus (mouse),1.0,1,HLA-DRB1*01:01
NDQYVAVQGAELAKT,HLA-DRB1*01:01,Mus musculus,Mus musculus (mouse),1.0,1,HLA-DRB1*01:01
IPAWIPLDPAAANTK,HLA-DRB1*01:01,Mus musculus,Mus musculus (mouse),1.0,1,HLA-DRB1*01:01
ESLRYKLLGGLAVRR,HLA-DRB1*01:01,Mus musculus,Mus musculus (mouse),1.0,1,HLA-DRB1*01:01
DPNQYYKIRSQAVQQ,HLA-DRB1*01:01,Mus musculus,Mus musculus (mouse),1.0,1,HLA-DRB1*01:01
TDLYKLLKTQHLSND,HLA-DRB1*01:01,Mus musculus,Mus musculus (mouse),1.0,1,HLA-DRB1*01:01
DVVDVFQVVKSLRKA,HLA-DRB1*01:01,Mus musculus,Mus musculus (mouse),1.0,1,HLA-DRB1*01:01
VVGTIFIIQGLRSGG,HLA-DRB1*01:01,Mus musculus,Mus musculus (mouse),1.0,1,HLA-DRB1*01:01
EWVAEIRSKSINSAT,HLA-DRB1*04:01,Mus musculus,Homo sapiens (human),0.0,0,HLA-DRB1*04:01
GYTFTSYNMHWVKQT,HLA-DRB1*09:01,Mus musculus,Homo sapiens (human),1.0,1,HLA-DRB1*09:01
HPQTYYYAVAVVKKG,HLA-DRB1*01:01,Mus musculus,Mus musculus (mouse),1.0,1,HLA-DRB1*01:01
KSEIIPMFSNLASDE,HLA-DRB1*01:01,Mus musculus,Mus musculus (mouse),1.0,1,HLA-DRB1*01:01
DPNLEFVAMPALAPP,HLA-DRB1*01:01,Mus musculus,Mus musculus (mouse),1.0,1,HLA-DRB1*01:01
ERQELRILVGTNLVR,HLA-DRB1*01:01,Mus musculus,Mus musculus (mouse),1.0,1,HLA-DRB1*01:01
EYLYKQENNILLLNA,HLA-DRB1*01:01,Mus musculus,Mus musculus (mouse),1.0,1,HLA-DRB1*01:01
LQALEFLHANQVIHR,HLA-DRB1*01:01,Mus musculus,Mus musculus (mouse),1.0,1,HLA-DRB1*01:01
GEKSFFLQPGERLER,HLA-DRB1*01:01,Mus musculus,Mus musculus (mouse),1.0,1,HLA-DRB1*01:01
LDKFLASVSTVLTSK,HLA-DRB1*01:01,Mus musculus,Mus musculus (mouse),1.0,1,HLA-DRB1*01:01
TTAYFLYQQQGRLDK,HLA-DRB1*01:01,Mus musculus,Mus musculus (mouse),1.0,1,HLA-DRB1*01:01
DRNAFVTGIARYIEQ,HLA-DRB1*01:01,Mus musculus,Mus musculus (mouse),1.0,1,HLA-DRB1*01:01
KSKDFQLFSSPLGKD,HLA-DRB1*01:01,Mus musculus,Mus musculus (mouse),1.0,1,HLA-DRB1*01:01
SPSIVIALAGNKADL,HLA-DRB1*01:01,Mus musculus,Mus musculus (mouse),1.0,1,HLA-DRB1*01:01
SPDEYVYSPGQTVSL,HLA-DRB1*01:01,Mus musculus,Mus musculus (mouse),1.0,1,HLA-DRB1*01:01
VFKRYLSNQASALVF,HLA-DRB1*01:01,Mus musculus,Mus musculus (mouse),1.0,1,HLA-DRB1*01:01
FSQVQYMKAVVGSYT,HLA-DRB1*01:01,Mus musculus,Mus musculus (mouse),1.0,1,HLA-DRB1*01:01
VGKFSVLEGQRLVAL,HLA-DRB1*01:01,Mus musculus,Mus musculus (mouse),1.0,1,HLA-DRB1*01:01
YMDFKVIEGSFVYKG,HLA-DRB1*01:01,Mus musculus,Mus musculus (mouse),1.0,1,HLA-DRB1*01:01
VINHIISVAGWGVSN,HLA-DRB1*01:01,Mus musculus,Mus musculus (mouse),1.0,1,HLA-DRB1*01:01
VTYTEHAKRKTVTAM,HLA-DRB1*01:01,Mus musculus,Homo sapiens (human),0.0,0,HLA-DRB1*01:01
SLQEYLAEQNQKQLE,HLA-DRB1*01:01,Mus musculus,Mus musculus (mouse),1.0,1,HLA-DRB1*01:01
KNLYIISVKGIKGRL,HLA-DRB1*01:01,Mus musculus,Mus musculus (mouse),1.0,1,HLA-DRB1*01:01
WVKQTPGRGLEWIGA,HLA-DRB1*11:01,Mus musculus,Homo sapiens (human),1.0,1,HLA-DRB1*11:01
NVDSFISLSSPQMGQ,HLA-DRB1*01:01,Mus musculus,Mus musculus (mouse),1.0,1,HLA-DRB1*01:01
GSINYDLLKTENLDD,HLA-DRB1*01:01,Mus musculus,Mus musculus (mouse),1.0,1,HLA-DRB1*01:01
STEFQRMKTLQVKDQ,HLA-DRB1*01:01,Mus musculus,Mus musculus (mouse),1.0,1,HLA-DRB1*01:01
LSQLLQEDSLNVADL,HLA-DRB1*01:01,Mus musculus,Mus musculus (mouse),1.0,1,HLA-DRB1*01:01
NRYYTDLNGYQIQPR,HLA-DRB1*01:01,Mus musculus,Mus musculus (mouse),1.0,1,HLA-DRB1*01:01
DKKNIILEEGKEILV,HLA-DRB1*01:01,Mus musculus,Mus musculus (mouse),1.0,1,HLA-DRB1*01:01
GDTSYNQKFKGKATL,HLA-DRB1*11:01,Mus musculus,Homo sapiens (human),1.0,1,HLA-DRB1*11:01
TNEAFEKIPAETLNR,HLA-DRB1*01:01,Mus musculus,Mus musculus (mouse),1.0,1,HLA-DRB1*01:01
SGRWVMLKNVHLAPG,HLA-DRB1*01:01,Mus musculus,Mus musculus (mouse),1.0,1,HLA-DRB1*01:01
KKIYKIGQGYLIKDG,HLA-DRB1*01:01,Mus musculus,Mus musculus (mouse),1.0,1,HLA-DRB1*01:01
GDTSYNQKFKGKATL,HLA-DRB1*15:01,Mus musculus,Homo sapiens (human),0.0,0,HLA-DRB1*15:01
SSIHWYQQRTNGSPR,HLA-DRB1*09:01,Mus musculus,Homo sapiens (human),0.0,0,HLA-DRB1*09:01
INKKIYKIGQGYLIK,HLA-DRB1*01:01,Mus musculus,Mus musculus (mouse),1.0,1,HLA-DRB1*01:01
KVPPFTFHVKKIREG,HLA-DRB1*01:01,Mus musculus,Mus musculus (mouse),1.0,1,HLA-DRB1*01:01
VALDFEQEMATAASS,HLA-DRB1*01:01,Mus musculus,Mus musculus (mouse),1.0,1,HLA-DRB1*01:01
KEAFQEALAAAGDKL,HLA-DRB1*01:01,Mus musculus,Mus musculus (mouse),1.0,1,HLA-DRB1*01:01
GIPVYRFVLPANAFA,HLA-DRB1*01:01,Mus musculus,Mus musculus (mouse),1.0,1,HLA-DRB1*01:01
SNQFQTEVGKQLISG,HLA-DRB1*01:01,Mus musculus,Mus musculus (mouse),1.0,1,HLA-DRB1*01:01
SPKQYMQLGGRVLLV,HLA-DRB1*01:01,Mus musculus,Mus musculus (mouse),1.0,1,HLA-DRB1*01:01
GYVVTQLDGLYLGAQ,HLA-DRB1*01:01,Mus musculus,Mus musculus (mouse),1.0,1,HLA-DRB1*01:01
KKMYFDAVQAIETHL,HLA-DRB1*01:01,Mus musculus,Mus musculus (mouse),1.0,1,HLA-DRB1*01:01
KNFRYLPAEFLVDHP,HLA-DRB1*01:01,Mus musculus,Mus musculus (mouse),1.0,1,HLA-DRB1*01:01
GAPLEEQGAVYIFNG,HLA-DRB1*01:01,Mus musculus,Mus musculus (mouse),1.0,1,HLA-DRB1*01:01
VTPVFDNMMAQNLVA,HLA-DRB1*01:01,Mus musculus,Mus musculus (mouse),1.0,1,HLA-DRB1*01:01
YARVYEELLAIPVVR,HLA-DRB1*01:01,Mus musculus,Mus musculus (mouse),1.0,1,HLA-DRB1*01:01
NINEFKELATQQLPH,HLA-DRB1*01:01,Mus musculus,Mus musculus (mouse),1.0,1,HLA-DRB1*01:01
KAAYLQENGKPLDEV,HLA-DRB1*01:01,Mus musculus,Mus musculus (mouse),1.0,1,HLA-DRB1*01:01
NTVESEDIADYYCQQ,HLA-DRB1*07:01,Mus musculus,Homo sapiens (human),0.0,0,HLA-DRB1*07:01
SPSVWAAVPGKTFVS,HLA-DRB1*01:01,Mus musculus,Mus musculus (mouse),1.0,1,HLA-DRB1*01:01
YHWRTLKPNPAKDPV,HLA-DRB1*01:01,Mus musculus,Mus musculus (mouse),1.0,1,HLA-DRB1*01:01
VNDIFERIAGEASRL,HLA-DRB1*01:01,Mus musculus,Mus musculus (mouse),1.0,1,HLA-DRB1*01:01
VEGSFEDLTGNRVRY,HLA-DRB1*01:01,Mus musculus,Mus musculus (mouse),1.0,1,HLA-DRB1*01:01
SLDGYISTQGASLFS,HLA-DRB1*01:01,Mus musculus,Mus musculus (mouse),1.0,1,HLA-DRB1*01:01
TDTFARAKNWVKELQ,HLA-DRB1*01:01,Mus musculus,Mus musculus (mouse),1.0,1,HLA-DRB1*01:01
SSATYMELRSLTSED,HLA-DRB1*01:01,Mus musculus,Mus musculus (mouse),1.0,1,HLA-DRB1*01:01
TAQFLYLKGFRADVY,HLA-DRB1*01:01,Mus musculus,Mus musculus (mouse),1.0,1,HLA-DRB1*01:01
QSPAILSVSPGERVS,HLA-DRB1*09:01,Mus musculus,Homo sapiens (human),1.0,1,HLA-DRB1*09:01
RPDSFDVLVPLRLPP,HLA-DRB1*01:01,Mus musculus,Mus musculus (mouse),1.0,1,HLA-DRB1*01:01
DDINVYATTAANPKE,HLA-DRB1*01:01,Mus musculus,Mus musculus (mouse),1.0,1,HLA-DRB1*01:01
GEKLYQEARKIVGAM,HLA-DRB1*03:01,Mus musculus,Homo sapiens (human),0.0,0,HLA-DRB1*03:01
EERFAYLNNNGISST,HLA-DRB1*01:01,Mus musculus,Mus musculus (mouse),1.0,1,HLA-DRB1*01:01
PGRGLEWIGAIYPGN,HLA-DRB1*07:01,Mus musculus,Homo sapiens (human),0.0,0,HLA-DRB1*07:01
AKTLVLLMGKEGVHG,HLA-DRB1*01:01,Mus musculus,Mus musculus (mouse),1.0,1,HLA-DRB1*01:01
QKDSYIASQGPLLHT,HLA-DRB1*01:01,Mus musculus,Mus musculus (mouse),1.0,1,HLA-DRB1*01:01
EKVFELMTNLHTKLE,HLA-DRB1*01:01,Mus musculus,Mus musculus (mouse),1.0,1,HLA-DRB1*01:01
SSIVFQAENPEPLVK,HLA-DRB1*01:01,Mus musculus,Mus musculus (mouse),1.0,1,HLA-DRB1*01:01
TEKAFEPATGRVIAT,HLA-DRB1*01:01,Mus musculus,Mus musculus (mouse),1.0,1,HLA-DRB1*01:01
TASYRMLIEELTTHS,HLA-DRB1*01:01,Mus musculus,Mus musculus (mouse),1.0,1,HLA-DRB1*01:01
VQAFDSLLANPVAEY,HLA-DRB1*01:01,Mus musculus,Mus musculus (mouse),1.0,1,HLA-DRB1*01:01
DGHLFQVEYAQEAVK,HLA-DRB1*01:01,Mus musculus,Mus musculus (mouse),1.0,1,HLA-DRB1*01:01
RAQHYLELGAEIART,HLA-DRB1*01:01,Mus musculus,Mus musculus (mouse),1.0,1,HLA-DRB1*01:01
GEKLYQEARKIVGAM,HLA-DPA1*01:03/DPB1*04:02,Mus musculus,Homo sapiens (human),0.0,0,HLA-DPB1*04:02
RLPVKWMAPESLFEG,HLA-DRB1*01:01,Mus musculus,Mus musculus (mouse),1.0,1,HLA-DRB1*01:01
NDIVNMLVGNKIDKE,HLA-DRB1*01:01,Mus musculus,Mus musculus (mouse),1.0,1,HLA-DRB1*01:01
QSPAILSVSPGERVS,HLA-DRB1*01:01,Mus musculus,Homo sapiens (human),1.0,1,HLA-DRB1*01:01
TPRNYELLDVVEAVR,HLA-DRB1*01:01,Mus musculus,Mus musculus (mouse),1.0,1,HLA-DRB1*01:01
FGEVFKMMQAEEAPK,HLA-DRB1*01:01,Mus musculus,Mus musculus (mouse),1.0,1,HLA-DRB1*01:01
KPSPFTPVSALLLAE,HLA-DRB1*01:01,Mus musculus,Mus musculus (mouse),1.0,1,HLA-DRB1*01:01
KRFLYKKLPSVEGLH,HLA-DRB1*01:01,Mus musculus,Mus musculus (mouse),1.0,1,HLA-DRB1*01:01
VSKYIQEQNEKIYAP,HLA-DRB1*01:01,Mus musculus,Mus musculus (mouse),1.0,1,HLA-DRB1*01:01
FSGVYKKLTGKDVNF,HLA-DRB1*01:01,Mus musculus,Mus musculus (mouse),1.0,1,HLA-DRB1*01:01
AAGQFFPEAAQVAYQ,HLA-DRB1*01:01,Mus musculus,Mus musculus (mouse),1.0,1,HLA-DRB1*01:01
SRETYNSLAAWLTDA,HLA-DRB1*01:01,Mus musculus,Mus musculus (mouse),1.0,1,HLA-DRB1*01:01
VAFPENNKPGEVVAE,HLA-DRB1*04:01,Mus musculus,Rattus (rat),1.0,1,HLA-DRB1*04:01
SGVIDWLVSNKLVRN,HLA-DRB1*01:01,Mus musculus,Mus musculus (mouse),1.0,1,HLA-DRB1*01:01
QNNLHILRPQNLDNL,HLA-DRB1*01:01,Mus musculus,Mus musculus (mouse),1.0,1,HLA-DRB1*01:01
DHFTNLYPQLIKNPS,HLA-DRB1*01:01,Mus musculus,Mus musculus (mouse),1.0,1,HLA-DRB1*01:01
RKWFWDFATRTQKER,HLA-DRB1*01:01,Mus musculus,Mus musculus (mouse),1.0,1,HLA-DRB1*01:01
KTVTAMDVVYALKRQ,HLA-DRB1*01:01,Mus musculus,Homo sapiens (human),1.0,1,HLA-DRB1*01:01
NTSLIIMDARKIQDY,HLA-DRB1*01:01,Mus musculus,Mus musculus (mouse),1.0,1,HLA-DRB1*01:01
APMYYRGAQAAIVVY,HLA-DRB1*01:01,Mus musculus,Mus musculus (mouse),1.0,1,HLA-DRB1*01:01
AKPQYVVLVPSEVYS,HLA-DRB1*01:01,Mus musculus,Mus musculus (mouse),1.0,1,HLA-DRB1*01:01
EWVAEIRSKSINSAT,HLA-DRB1*11:01,Mus musculus,Homo sapiens (human),1.0,1,HLA-DRB1*11:01
DSKAYYHLLEQVAPK,HLA-DRB1*01:01,Mus musculus,Mus musculus (mouse),1.0,1,HLA-DRB1*01:01
AGVYGQQPANQVIIR,HLA-DRB1*01:01,Mus musculus,Mus musculus (mouse),1.0,1,HLA-DRB1*01:01
TPVKFWFLKNYLSPT,HLA-DRB1*01:01,Mus musculus,Mus musculus (mouse),1.0,1,HLA-DRB1*01:01
GDTSYNQKFKGKATL,HLA-DRB1*07:01,Mus musculus,Homo sapiens (human),0.0,0,HLA-DRB1*07:01
NPLYKSAITTTVNPR,HLA-DRB1*01:01,Mus musculus,Mus musculus (mouse),1.0,1,HLA-DRB1*01:01
KKNIILEEGKEILVG,HLA-DRB1*01:01,Mus musculus,Mus musculus (mouse),1.0,1,HLA-DRB1*01:01
HLLIDLTSFLLSLFS,HLA-DRA*01:01/DRB1*03:01,Mus musculus,Homo sapiens (human),0.0,0,HLA-DRB1*03:01
LEIFQNEVARQLISE,HLA-DRB1*01:01,Mus musculus,Mus musculus (mouse),1.0,1,HLA-DRB1*01:01
SYTMFVRENNSPALH,HLA-DRB1*04:01,Mus musculus,Rattus (rat),1.0,1,HLA-DRB1*04:01
KPQYVVLVPSEVYSG,HLA-DRB1*01:01,Mus musculus,Mus musculus (mouse),1.0,1,HLA-DRB1*01:01
RYFETAVSRPGLEEP,HLA-DRB1*01:01,Mus musculus,Mus musculus (mouse),1.0,1,HLA-DRB1*01:01
NSEPFFMMISTPAPH,HLA-DRB1*01:01,Mus musculus,Mus musculus (mouse),1.0,1,HLA-DRB1*01:01
DSRLVLEVAQHLGES,HLA-DRB1*01:01,Mus musculus,Mus musculus (mouse),1.0,1,HLA-DRB1*01:01
AQTAYSANPASQAFV,HLA-DRB1*01:01,Mus musculus,Mus musculus (mouse),1.0,1,HLA-DRB1*01:01
NIKDKYTLSKRLSFS,HLA-DRB1*01:01,Mus musculus,Mus musculus (mouse),1.0,1,HLA-DRB1*01:01
SSIDFIPLHNQKTLE,HLA-DRB1*01:01,Mus musculus,Mus musculus (mouse),1.0,1,HLA-DRB1*01:01
DRGLILQLQGQDLYA,HLA-DRB1*01:01,Mus musculus,Mus musculus (mouse),1.0,1,HLA-DRB1*01:01
WYFNVWGAGTTVTVS,HLA-DRB1*04:01,Mus musculus,Homo sapiens (human),0.0,0,HLA-DRB1*04:01
PEKGLEWVAEIRSKS,HLA-DRB1*15:01,Mus musculus,Homo sapiens (human),1.0,1,HLA-DRB1*15:01
ARRIFQEIAQELYHK,HLA-DRB1*01:01,Mus musculus,Mus musculus (mouse),1.0,1,HLA-DRB1*01:01
AEALYTAMKGFGSDK,HLA-DRB1*01:01,Mus musculus,Mus musculus (mouse),1.0,1,HLA-DRB1*01:01
EDYRYEVLTAEQILQ,HLA-DRB1*01:01,Mus musculus,Mus musculus (mouse),1.0,1,HLA-DRB1*01:01
ANAIYSLAARPLPMP,HLA-DRB1*01:01,Mus musculus,Mus musculus (mouse),1.0,1,HLA-DRB1*01:01
NQGYLSEAGASLVDQ,HLA-DRB1*01:01,Mus musculus,Mus musculus (mouse),1.0,1,HLA-DRB1*01:01
KKVIIMILNGEKLPG,HLA-DRB1*01:01,Mus musculus,Mus musculus (mouse),1.0,1,HLA-DRB1*01:01
ETQYSEMFGMVLAPA,HLA-DRB1*01:01,Mus musculus,Mus musculus (mouse),1.0,1,HLA-DRB1*01:01
FSAFGNLRALDLSGN,HLA-DRB1*01:01,Mus musculus,Mus musculus (mouse),1.0,1,HLA-DRB1*01:01
APPSYGQLIAQGAIP,HLA-DRB1*01:01,Mus musculus,Mus musculus (mouse),1.0,1,HLA-DRB1*01:01
IRRNFELMEAEKTKL,HLA-DRB1*01:01,Mus musculus,Mus musculus (mouse),1.0,1,HLA-DRB1*01:01
TTVFHSLAAKLSVPT,HLA-DRB1*01:01,Mus musculus,Mus musculus (mouse),1.0,1,HLA-DRB1*01:01
HQEHFIQMLNEPVQE,HLA-DRB1*01:01,Mus musculus,Mus musculus (mouse),1.0,1,HLA-DRB1*01:01
TIEKFEKEAAEMGKG,HLA-DRB1*01:01,Mus musculus,Mus musculus (mouse),1.0,1,HLA-DRB1*01:01
GGKEWAQIFSKHNSG,HLA-DRB1*01:01,Mus musculus,Mus musculus (mouse),1.0,1,HLA-DRB1*01:01
NDKHITTLQASFLTK,HLA-DRB1*01:01,Mus musculus,Mus musculus (mouse),1.0,1,HLA-DRB1*01:01
NDDAQFTKMFTLNIR,HLA-DRB1*01:01,Mus musculus,Mus musculus (mouse),1.0,1,HLA-DRB1*01:01
YPYHEQIAVVAPEPL,HLA-DRB1*01:01,Mus musculus,Mus musculus (mouse),1.0,1,HLA-DRB1*01:01
GSQQYRALTVPELTQ,HLA-DRB1*01:01,Mus musculus,Mus musculus (mouse),1.0,1,HLA-DRB1*01:01
EWVAEIRSKSINSAT,HLA-DRB1*15:01,Mus musculus,Homo sapiens (human),1.0,1,HLA-DRB1*15:01
EGAYEAELAVHLPPG,HLA-DRB1*01:01,Mus musculus,Mus musculus (mouse),1.0,1,HLA-DRB1*01:01
QSPAILSVSPGERVS,HLA-DRB1*07:01,Mus musculus,Homo sapiens (human),1.0,1,HLA-DRB1*07:01
VDVFQVVKSLRKARP,HLA-DRB1*01:01,Mus musculus,Mus musculus (mouse),1.0,1,HLA-DRB1*01:01
KSFEQVKSIFVHPEP,HLA-DRB1*01:01,Mus musculus,Mus musculus (mouse),1.0,1,HLA-DRB1*01:01
TKSDFITMNPSVVQR,HLA-DRB1*01:01,Mus musculus,Mus musculus (mouse),1.0,1,HLA-DRB1*01:01
NKAFSMDEPASAKRP,HLA-DRB1*04:01,Mus musculus,Rattus (rat),1.0,1,HLA-DRB1*04:01
DILLTQSPAILSVSP,HLA-DRB1*07:01,Mus musculus,Homo sapiens (human),1.0,1,HLA-DRB1*07:01
RDNKYVLLASEQLVG,HLA-DRB1*01:01,Mus musculus,Mus musculus (mouse),1.0,1,HLA-DRB1*01:01
KPEQVVALDAQNIVA,HLA-DRB1*01:01,Mus musculus,Mus musculus (mouse),1.0,1,HLA-DRB1*01:01
AAALVLMTAEAAQRL,HLA-DRB1*01:01,Mus musculus,Mus musculus (mouse),1.0,1,HLA-DRB1*01:01
VPGKTFVSITPAEVG,HLA-DRB1*01:01,Mus musculus,Mus musculus (mouse),1.0,1,HLA-DRB1*01:01
RAEEYEFLTPMEEAP,HLA-DRB1*01:01,Mus musculus,Mus musculus (mouse),1.0,1,HLA-DRB1*01:01
DAPNTFYSTVQIPKV,HLA-DRB1*01:01,Mus musculus,Mus musculus (mouse),1.0,1,HLA-DRB1*01:01
FEKKYVATLGVEVHP,HLA-DRB1*01:01,Mus musculus,Mus musculus (mouse),1.0,1,HLA-DRB1*01:01
AKRKTVTAMDVVYAL,HLA-DRB1*01:01,Mus musculus,Homo sapiens (human),1.0,1,HLA-DRB1*01:01
NTVESEDIADYYCQQ,HLA-DRB1*15:01,Mus musculus,Homo sapiens (human),1.0,1,HLA-DRB1*15:01
LNSFSVMPSPKVSDT,HLA-DRB1*01:01,Mus musculus,Mus musculus (mouse),1.0,1,HLA-DRB1*01:01
NAWFLPAQADIVATK,HLA-DRB1*01:01,Mus musculus,Mus musculus (mouse),1.0,1,HLA-DRB1*01:01
KFSTEFQRMKTLQVK,HLA-DRB1*01:01,Mus musculus,Mus musculus (mouse),1.0,1,HLA-DRB1*01:01
DENQFVAVTSTNAAK,HLA-DRB1*01:01,Mus musculus,Mus musculus (mouse),1.0,1,HLA-DRB1*01:01
IRSKSINSATHYAES,HLA-DRB1*04:01,Mus musculus,Homo sapiens (human),0.0,0,HLA-DRB1*04:01
RAYILNLVKQIKKTG,HLA-DRB1*01:01,Mus musculus,Mus musculus (mouse),1.0,1,HLA-DRB1*01:01
ISYVAALPAAALWHK,HLA-DRB1*01:01,Mus musculus,Mus musculus (mouse),1.0,1,HLA-DRB1*01:01
GEKLYQEARKIVGAM,HLA-DQA1*05:01/DQB1*02:01,Mus musculus,Homo sapiens (human),0.0,0,HLA-DQB1*02:01
ADRIISMRTQLVSNL,HLA-DRB1*01:01,Mus musculus,Mus musculus (mouse),1.0,1,HLA-DRB1*01:01
INEYWVLTAAHVLEK,HLA-DRB1*01:01,Mus musculus,Mus musculus (mouse),1.0,1,HLA-DRB1*01:01
SEPFFMMISTPAPHS,HLA-DRB1*01:01,Mus musculus,Mus musculus (mouse),1.0,1,HLA-DRB1*01:01
KNSFGVIPSTPLAIH,HLA-DRB1*01:01,Mus musculus,Mus musculus (mouse),1.0,1,HLA-DRB1*01:01
GVSYEHLEDNNVSPL,HLA-DRB1*01:01,Mus musculus,Mus musculus (mouse),1.0,1,HLA-DRB1*01:01
EIPAWIPLDPAAANT,HLA-DRB1*01:01,Mus musculus,Mus musculus (mouse),1.0,1,HLA-DRB1*01:01
YNFFSPLNPVRVHIE,HLA-DRB1*01:01,Mus musculus,Mus musculus (mouse),1.0,1,HLA-DRB1*01:01
SSGVFDFQKAYDLSE,HLA-DRB1*01:01,Mus musculus,Mus musculus (mouse),1.0,1,HLA-DRB1*01:01
NNLNYNFLETLALEN,HLA-DRB1*01:01,Mus musculus,Mus musculus (mouse),1.0,1,HLA-DRB1*01:01
WYFNVWGAGTTVTVS,HLA-DRB1*15:01,Mus musculus,Homo sapiens (human),1.0,1,HLA-DRB1*15:01
NTVESEDIADYYCQQ,HLA-DRB1*04:01,Mus musculus,Homo sapiens (human),0.0,0,HLA-DRB1*04:01
GEKLYQEARKIVGAM,HLA-DRB1*04:04,Mus musculus,Homo sapiens (human),1.0,1,HLA-DRB1*04:04
RDQWFHSLQWKKKIY,HLA-DRB1*01:01,Mus musculus,Mus musculus (mouse),1.0,1,HLA-DRB1*01:01
RAIEMLGGELGSKKP,HLA-DRB1*01:01,Mus musculus,Mus musculus (mouse),1.0,1,HLA-DRB1*01:01
TDDEYELLMPSRFSS,HLA-DRB1*01:01,Mus musculus,Mus musculus (mouse),1.0,1,HLA-DRB1*01:01
ETVLRQAIAERIKPV,HLA-DRB1*01:01,Mus musculus,Mus musculus (mouse),1.0,1,HLA-DRB1*01:01
TGIWRYLTNAYSRDE,HLA-DRB1*01:01,Mus musculus,Mus musculus (mouse),1.0,1,HLA-DRB1*01:01
NIVISKLDPVSLQIL,HLA-DRB1*01:01,Mus musculus,Mus musculus (mouse),1.0,1,HLA-DRB1*01:01
TAEILELAGNAARDN,HLA-DRB1*01:01,Mus musculus,Mus musculus (mouse),1.0,1,HLA-DRB1*01:01
NVWQVNTSRTRITFV,HLA-DRB1*04:01,Mus musculus,Rattus (rat),1.0,1,HLA-DRB1*04:01
AQQQFLKLGGLQVLR,HLA-DRB1*01:01,Mus musculus,Mus musculus (mouse),1.0,1,HLA-DRB1*01:01
NIQGITKPAIRRLAR,HLA-DRB1*01:01,Mus musculus,Homo sapiens (human),1.0,1,HLA-DRB1*01:01
QTVSYLALTPSYGDV,HLA-DRB1*01:01,Mus musculus,Mus musculus (mouse),1.0,1,HLA-DRB1*01:01
VMPYISTTPAKLRNP,HLA-DRB1*01:01,Mus musculus,Mus musculus (mouse),1.0,1,HLA-DRB1*01:01
GGLIQTARALAVNPR,HLA-DRB1*01:01,Mus musculus,Mus musculus (mouse),1.0,1,HLA-DRB1*01:01
AFNLYKRLVALNSDK,HLA-DRB1*01:01,Mus musculus,Mus musculus (mouse),1.0,1,HLA-DRB1*01:01
INDQYVAVQGAELAK,HLA-DRB1*01:01,Mus musculus,Mus musculus (mouse),1.0,1,HLA-DRB1*01:01
NDIFERIASEASRLA,HLA-DRB1*01:01,Mus musculus,Mus musculus (mouse),1.0,1,HLA-DRB1*01:01
EEVFNILQAAYVSKP,HLA-DRB1*01:01,Mus musculus,Mus musculus (mouse),1.0,1,HLA-DRB1*01:01
GYTFTSYNMHWVKQT,HLA-DRB1*01:01,Mus musculus,Homo sapiens (human),1.0,1,HLA-DRB1*01:01
EVFNILQAAYVSKPG,HLA-DRB1*01:01,Mus musculus,Mus musculus (mouse),1.0,1,HLA-DRB1*01:01
KNKTWKFVEGLPIND,HLA-DRB1*01:01,Mus musculus,Mus musculus (mouse),1.0,1,HLA-DRB1*01:01
LAFYWILKAGHMVPS,HLA-DRB1*01:01,Mus musculus,Mus musculus (mouse),1.0,1,HLA-DRB1*01:01
NPRLAILYAKRASVF,HLA-DRB1*01:01,Mus musculus,Mus musculus (mouse),1.0,1,HLA-DRB1*01:01
IRSKSINSATHYAES,HLA-DRB1*15:01,Mus musculus,Homo sapiens (human),0.0,0,HLA-DRB1*15:01
VTSVEPLNGNLVRKE,HLA-DRB1*01:01,Mus musculus,Mus musculus (mouse),1.0,1,HLA-DRB1*01:01
IKAAYLQENGKPLDE,HLA-DRB1*01:01,Mus musculus,Mus musculus (mouse),1.0,1,HLA-DRB1*01:01
SSPKPWIYATSNLAS,HLA-DRB1*11:01,Mus musculus,Homo sapiens (human),1.0,1,HLA-DRB1*11:01
DSARFRYLMGERLGV,HLA-DRB1*01:01,Mus musculus,Mus musculus (mouse),1.0,1,HLA-DRB1*01:01
SSSEFEIVKAIKERA,HLA-DRB1*01:01,Mus musculus,Mus musculus (mouse),1.0,1,HLA-DRB1*01:01
DHGGIIMAIAQGMET,HLA-DRB1*01:01,Mus musculus,Mus musculus (mouse),1.0,1,HLA-DRB1*01:01
KKEFRQMVEAQLATF,HLA-DRB1*01:01,Mus musculus,Mus musculus (mouse),1.0,1,HLA-DRB1*01:01
DEAQLRILAGPGASS,HLA-DRB1*01:01,Mus musculus,Mus musculus (mouse),1.0,1,HLA-DRB1*01:01
NDIFERIAGEASRLA,HLA-DRB1*01:01,Mus musculus,Mus musculus (mouse),1.0,1,HLA-DRB1*01:01
IPVYRFVLPANAFAS,HLA-DRB1*01:01,Mus musculus,Mus musculus (mouse),1.0,1,HLA-DRB1*01:01
FRPLKKLQSLILSHN,HLA-DRB1*01:01,Mus musculus,Mus musculus (mouse),1.0,1,HLA-DRB1*01:01
NENYAGIAARDVAGG,HLA-DRB1*01:01,Mus musculus,Mus musculus (mouse),1.0,1,HLA-DRB1*01:01
DPDFLRTAVAQVIGD,HLA-DRB1*01:01,Mus musculus,Mus musculus (mouse),1.0,1,HLA-DRB1*01:01
SGVYKKLTGKDVNFE,HLA-DRB1*01:01,Mus musculus,Mus musculus (mouse),1.0,1,HLA-DRB1*01:01
AETLYYAMKGAGTDD,HLA-DRB1*01:01,Mus musculus,Mus musculus (mouse),1.0,1,HLA-DRB1*01:01
TGKFEKLIVAMMKPS,HLA-DRB1*01:01,Mus musculus,Mus musculus (mouse),1.0,1,HLA-DRB1*01:01
ATEGQFMYVTGGRLT,HLA-DRB1*01:01,Mus musculus,Mus musculus (mouse),1.0,1,HLA-DRB1*01:01
DILLTQSPAILSVSP,HLA-DRB1*09:01,Mus musculus,Homo sapiens (human),1.0,1,HLA-DRB1*09:01
GTASYRMLIEELTTH,HLA-DRB1*01:01,Mus musculus,Mus musculus (mouse),1.0,1,HLA-DRB1*01:01
LPSTFGQLSALKTLS,HLA-DRB1*01:01,Mus musculus,Mus musculus (mouse),1.0,1,HLA-DRB1*01:01
DIKWEFIPSKNLRVG,HLA-DRB1*01:01,Mus musculus,Mus musculus (mouse),1.0,1,HLA-DRB1*01:01
NPVVHFFKNIVTPRT,HLA-DRB5*01:01,Pan troglodytes,Homo sapiens (human),1.0,1,HLA-DRB5*01:01
KGFKGVDAQGTLSKI,HLA-DRB1*15:01,Pan troglodytes,Homo sapiens (human),0.0,0,HLA-DRB1*15:01
NPVVHFFKNIVTPRT,HLA-DRB1*15:01,Pan troglodytes,Homo sapiens (human),1.0,1,HLA-DRB1*15:01
KGFKGVDAQGTLSKI,HLA-DRB5*01:01,Pan troglodytes,Homo sapiens (human),1.0,1,HLA-DRB5*01:01
EGPEYWEEQTQRAKG,HLA-DRB1*04:01,Rattus norvegicus,Rattus (rat),1.0,1,HLA-DRB1*04:01
TSWTAEKSIAQLNSK,HLA-DRB1*04:01,Rattus norvegicus,Rattus (rat),1.0,1,HLA-DRB1*04:01
IVVYTGDRTVMGRIA,HLA-DRB1*04:01,Rattus norvegicus,Rattus (rat),1.0,1,HLA-DRB1*04:01
NHHNMLLSLSTSGVL,HLA-DRB1*04:01,Rattus norvegicus,Homo sapiens (human),1.0,1,HLA-DRB1*04:01
LQPFDYDPNEKSKHK,HLA-DRB1*04:01,Rattus norvegicus,Rattus (rat),1.0,1,HLA-DRB1*04:01
SLQEYLAEQNQRQLE,HLA-DRB1*04:01,Rattus norvegicus,Rattus (rat),1.0,1,HLA-DRB1*04:01
